dataset,file,obj,total_cc,success_rate,greedy_baseline,ga_best,diff_vs_greedy,time_sec,status,pop_size,elite,crossover_rate,mutation_rate,crossover_type,mutation_type,tournament_k,init_mode,seed,time_limit
Adversarial,Adversarial_20_30_10,157,200,0.785,157,157,0,19.97861077999994,VALID,40,5,0.85,0.75,ox,mixed,3,,42,20
Adversarial,Adversarial_50_75_20,490,750,0.6533333333333333,493,490,-3,90.02413964999994,VALID,40,5,0.85,0.75,ox,mixed,3,,42,90
Adversarial,Adversarial_80_120_32,1064,1200,0.8866666666666667,1064,1064,0,180.04230873699998,VALID,40,5,0.85,0.75,ox,mixed,3,,42,180
Adversarial,Adversarial_100_150_40,1388,1500,0.9253333333333333,1390,1388,-2,180.0161635610001,VALID,40,5,0.85,0.75,ox,mixed,3,,42,180
Adversarial,Adversarial_150_225_60,2008,2250,0.8924444444444445,2022,2008,-14,360.05753356700006,VALID,40,5,0.85,0.75,ox,mixed,3,,42,360
Adversarial,Adversarial_200_300_80,2671,3000,0.8903333333333333,2681,2671,-10,360.0496797200001,VALID,40,5,0.85,0.75,ox,mixed,3,,42,360
Adversarial,Adversarial_300_450_120,3898,4500,0.8662222222222222,3924,3898,-26,360.08323025699974,VALID,40,5,0.85,0.75,ox,mixed,3,,42,360
Adversarial,Adversarial_500_750_200,6581,7499,0.8775836778237098,6630,6581,-49,600.3696486000003,VALID,40,5,0.85,0.75,ox,mixed,3,,42,600
Adversarial,Adversarial_800_1200_320,10530,12000,0.8775,10608,10530,-78,900.2617927230003,VALID,40,5,0.85,0.75,ox,mixed,3,,42,900
Adversarial,Adversarial_1000_1500_400,13129,15000,0.8752666666666666,13211,13129,-82,901.0387724690004,VALID,40,5,0.85,0.75,ox,mixed,3,,42,900
Exponential,Exponential_20_30_10,186,200,0.93,188,186,-2,20.00455122800031,VALID,40,5,0.85,0.75,ox,mixed,3,,42,20
Exponential,Exponential_50_75_20,369,750,0.492,376,369,-7,90.00577691099988,VALID,40,5,0.85,0.75,ox,mixed,3,,42,90
Exponential,Exponential_80_120_32,746,1200,0.6216666666666667,760,746,-14,180.03075209899998,VALID,40,5,0.85,0.75,ox,mixed,3,,42,180
Exponential,Exponential_100_150_40,1123,1500,0.7486666666666667,1112,1123,11,180.02636220299974,VALID,40,5,0.85,0.75,ox,mixed,3,,42,180
Exponential,Exponential_150_225_60,1928,2250,0.8568888888888889,1936,1928,-8,360.0566196999998,VALID,40,5,0.85,0.75,ox,mixed,3,,42,360
Exponential,Exponential_200_300_80,2456,3000,0.8186666666666667,2478,2456,-22,360.0190578490001,VALID,40,5,0.85,0.75,ox,mixed,3,,42,360
Exponential,Exponential_300_450_120,4001,4500,0.8891111111111111,4030,4001,-29,360.06509603000086,VALID,40,5,0.85,0.75,ox,mixed,3,,42,360
Exponential,Exponential_500_750_200,6975,7500,0.93,6993,6975,-18,600.313800031,VALID,40,5,0.85,0.75,ox,mixed,3,,42,600
Exponential,Exponential_800_1200_320,11396,12000,0.9496666666666667,11450,11396,-54,900.4143433640002,VALID,40,5,0.85,0.75,ox,mixed,3,,42,900
Exponential,Exponential_1000_1500_400,14389,15000,0.9592666666666667,14414,14389,-25,900.9556596169996,VALID,40,5,0.85,0.75,ox,mixed,3,,42,900
Gaussian,Gaussian_20_30_10,162,200,0.81,159,162,3,19.963076194000678,VALID,40,5,0.85,0.75,ox,mixed,3,,42,20
Gaussian,Gaussian_50_75_20,687,750,0.916,687,687,0,90.02157435799927,VALID,40,5,0.85,0.75,ox,mixed,3,,42,90
Gaussian,Gaussian_80_120_32,1157,1200,0.9641666666666666,1151,1157,6,180.02455905399984,VALID,40,5,0.85,0.75,ox,mixed,3,,42,180
Gaussian,Gaussian_100_150_40,1439,1500,0.9593333333333334,1432,1439,7,179.99592959899928,VALID,40,5,0.85,0.75,ox,mixed,3,,42,180
Gaussian,Gaussian_150_225_60,2191,2250,0.9737777777777777,2171,2191,20,360.015690137001,VALID,40,5,0.85,0.75,ox,mixed,3,,42,360
Gaussian,Gaussian_200_300_80,2922,3000,0.974,2904,2922,18,360.0430197810001,VALID,40,5,0.85,0.75,ox,mixed,3,,42,360
Gaussian,Gaussian_300_450_120,4388,4500,0.9751111111111112,4363,4388,25,360.0502265560008,VALID,40,5,0.85,0.75,ox,mixed,3,,42,360
Gaussian,Gaussian_500_750_200,7409,7499,0.9879983997866382,7400,7409,9,600.2706233900008,VALID,40,5,0.85,0.75,ox,mixed,3,,42,600
Gaussian,Gaussian_800_1200_320,11811,12000,0.98425,11787,11811,24,901.7463590749994,VALID,40,5,0.85,0.75,ox,mixed,3,,42,900
Gaussian,Gaussian_1000_1500_400,14801,15000,0.9867333333333334,14770,14801,31,902.0741992850017,VALID,40,5,0.85,0.75,ox,mixed,3,,42,900
Poisson,Poisson_20_30_10,145,200,0.725,140,145,5,20.00362007500007,VALID,40,5,0.85,0.75,ox,mixed,3,,42,20
Poisson,Poisson_50_75_20,616,750,0.8213333333333334,620,616,-4,90.00755013400158,VALID,40,5,0.85,0.75,ox,mixed,3,,42,90
Poisson,Poisson_80_120_32,1119,1200,0.9325,1114,1119,5,180.01053764000062,VALID,40,5,0.85,0.75,ox,mixed,3,,42,180
Poisson,Poisson_100_150_40,1415,1500,0.9433333333333334,1417,1415,-2,180.028318132001,VALID,40,5,0.85,0.75,ox,mixed,3,,42,180
Poisson,Poisson_150_225_60,2214,2250,0.984,2213,2214,1,360.04725894699914,VALID,40,5,0.85,0.75,ox,mixed,3,,42,360
Poisson,Poisson_200_300_80,2948,3000,0.9826666666666667,2932,2948,16,360.0199523830015,VALID,40,5,0.85,0.75,ox,mixed,3,,42,360
Poisson,Poisson_300_450_120,4471,4500,0.9935555555555555,4449,4471,22,360.1744063140013,VALID,40,5,0.85,0.75,ox,mixed,3,,42,360
Poisson,Poisson_500_750_200,7325,7500,0.9766666666666667,7312,7325,13,600.0604840619999,VALID,40,5,0.85,0.75,ox,mixed,3,,42,600
Poisson,Poisson_800_1200_320,11790,12000,0.9825,11805,11790,-15,900.8127450020002,VALID,40,5,0.85,0.75,ox,mixed,3,,42,900
Poisson,Poisson_1000_1500_400,14641,14999,0.9761317421161411,14563,14641,78,900.4250409499982,VALID,40,5,0.85,0.75,ox,mixed,3,,42,900
Uniform,Uniform_20_30_10,188,200,0.94,184,188,4,20.005106398999487,VALID,40,5,0.85,0.75,ox,mixed,3,,42,20
Uniform,Uniform_50_75_20,641,750,0.8546666666666667,648,641,-7,90.012827767001,VALID,40,5,0.85,0.75,ox,mixed,3,,42,90
Uniform,Uniform_80_120_32,1123,1200,0.9358333333333333,1126,1123,-3,180.02053658300065,VALID,40,5,0.85,0.75,ox,mixed,3,,42,180
Uniform,Uniform_100_150_40,1384,1500,0.9226666666666666,1386,1384,-2,180.01624494600037,VALID,40,5,0.85,0.75,ox,mixed,3,,42,180
Uniform,Uniform_150_225_60,2140,2250,0.9511111111111111,2122,2140,18,360.0100121180003,VALID,40,5,0.85,0.75,ox,mixed,3,,42,360
Uniform,Uniform_200_300_80,2905,3000,0.9683333333333334,2877,2905,28,360.0557134080009,VALID,40,5,0.85,0.75,ox,mixed,3,,42,360
Uniform,Uniform_300_450_120,4272,4499,0.949544343187375,4277,4272,-5,360.0258368700015,VALID,40,5,0.85,0.75,ox,mixed,3,,42,360
Uniform,Uniform_500_750_200,7289,7500,0.9718666666666667,7262,7289,27,600.1940786859996,VALID,40,5,0.85,0.75,ox,mixed,3,,42,600
Uniform,Uniform_800_1200_320,11754,12000,0.9795,11684,11754,70,900.4050106989998,VALID,40,5,0.85,0.75,ox,mixed,3,,42,900
Uniform,Uniform_1000_1500_400,14656,15000,0.9770666666666666,14661,14656,-5,901.544493854999,VALID,40,5,0.85,0.75,ox,mixed,3,,42,900
hustack,hustack01,169,179,0.9441340782122905,169,169,0,20.00317694700061,VALID,40,5,0.85,0.75,ox,mixed,3,,42,20
hustack,hustack02,167,204,0.8186274509803921,167,167,0,44.96994529100266,VALID,40,5,0.85,0.75,ox,mixed,3,,42,45
hustack,hustack03,37,39,0.9487179487179487,37,37,0,19.955392069998197,VALID,40,5,0.85,0.75,ox,mixed,3,,42,20
hustack,hustack04,227,297,0.7643097643097643,227,227,0,45.00419092000084,VALID,40,5,0.85,0.75,ox,mixed,3,,42,45
hustack,hustack05,318,357,0.8907563025210085,318,318,0,45.00555498799804,VALID,40,5,0.85,0.75,ox,mixed,3,,42,45
hustack,hustack06,69,78,0.8846153846153846,69,69,0,19.990777889997844,VALID,40,5,0.85,0.75,ox,mixed,3,,42,20
hustack,hustack07,200,242,0.8264462809917356,200,200,0,45.005321425996954,VALID,40,5,0.85,0.75,ox,mixed,3,,42,45
hustack,hustack08,148,168,0.8809523809523809,146,148,2,20.00336438100203,VALID,40,5,0.85,0.75,ox,mixed,3,,42,20
hustack,hustack09,284,327,0.8685015290519877,283,284,1,44.99216575099854,VALID,40,5,0.85,0.75,ox,mixed,3,,42,45
hustack,hustack10,12,12,1.0,12,12,0,19.95418187299947,VALID,40,5,0.85,0.75,ox,mixed,3,,42,20
