Dataset_Type,File,GA_pop40_elite5_cx0p85_ox_mut0p4_mixed_tk3_initheuristic_ga_low_mutation_0p4,GA_pop40_elite5_cx0p85_ox_mut0p4_mixed_tk3_initrandom_r_low_mutation_0p4,GA_pop40_elite5_cx0p85_ox_mut0p75_mixed_tk3_initheuristic_ga_base_ox_mixed,GA_pop40_elite5_cx0p85_ox_mut0p75_mixed_tk3_initrandom_r_base_ox_mixed,GA_pop40_elite5_cx0p85_ox_mut0p9_mixed_tk3_initheuristic_ga_high_mutation_0p9,GA_pop40_elite5_cx0p85_ox_mut0p9_mixed_tk3_initrandom_r_high_mutation_0p9,GA_pop40_elite5_cx0p85_pmx_mut0p75_mixed_tk3_initheuristic_ga_pmx_mixed,GA_pop40_elite5_cx0p85_pmx_mut0p75_mixed_tk3_initrandom_r_pmx_mixed,Greedy
Adversarial,Adversarial_1000_1500_400,"{'Objective': 13211, 'Success_Rate': 0.8807333333333334, 'Time': 900.7155623810004, 'Status': 'VALID'}","{'Objective': 13126, 'Success_Rate': 0.8750666666666667, 'Time': 900.8607188339996, 'Status': 'VALID'}","{'Objective': 13211, 'Success_Rate': 0.8807333333333334, 'Time': 900.6129879350001, 'Status': 'VALID'}","{'Objective': 13129, 'Success_Rate': 0.8752666666666666, 'Time': 901.0387724690004, 'Status': 'VALID'}","{'Objective': 13211, 'Success_Rate': 0.8807333333333334, 'Time': 900.4683283289996, 'Status': 'VALID'}","{'Objective': 13133, 'Success_Rate': 0.8755333333333334, 'Time': 900.4536321549999, 'Status': 'VALID'}","{'Objective': 13211, 'Success_Rate': 0.8807333333333334, 'Time': 900.2890622010004, 'Status': 'VALID'}","{'Objective': 13140, 'Success_Rate': 0.876, 'Time': 900.4833233619997, 'Status': 'VALID'}",
Adversarial,Adversarial_100_150_40,"{'Objective': 1390, 'Success_Rate': 0.9266666666666666, 'Time': 180.04137759699995, 'Status': 'VALID'}","{'Objective': 1386, 'Success_Rate': 0.924, 'Time': 180.03716994, 'Status': 'VALID'}","{'Objective': 1390, 'Success_Rate': 0.9266666666666666, 'Time': 180.0358074840001, 'Status': 'VALID'}","{'Objective': 1388, 'Success_Rate': 0.9253333333333332, 'Time': 180.0161635610001, 'Status': 'VALID'}","{'Objective': 1390, 'Success_Rate': 0.9266666666666666, 'Time': 180.0121337630001, 'Status': 'VALID'}","{'Objective': 1386, 'Success_Rate': 0.924, 'Time': 180.008730065, 'Status': 'VALID'}","{'Objective': 1390, 'Success_Rate': 0.9266666666666666, 'Time': 180.03990762499996, 'Status': 'VALID'}","{'Objective': 1385, 'Success_Rate': 0.9233333333333332, 'Time': 180.027969234, 'Status': 'VALID'}",
Adversarial,Adversarial_150_225_60,"{'Objective': 2022, 'Success_Rate': 0.8986666666666666, 'Time': 360.05039357700014, 'Status': 'VALID'}","{'Objective': 2005, 'Success_Rate': 0.8911111111111111, 'Time': 360.053220461, 'Status': 'VALID'}","{'Objective': 2022, 'Success_Rate': 0.8986666666666666, 'Time': 360.0203581249999, 'Status': 'VALID'}","{'Objective': 2008, 'Success_Rate': 0.8924444444444445, 'Time': 360.05753356700006, 'Status': 'VALID'}","{'Objective': 2022, 'Success_Rate': 0.8986666666666666, 'Time': 360.0479374150001, 'Status': 'VALID'}","{'Objective': 2006, 'Success_Rate': 0.8915555555555555, 'Time': 360.071494501, 'Status': 'VALID'}","{'Objective': 2022, 'Success_Rate': 0.8986666666666666, 'Time': 360.02806143500004, 'Status': 'VALID'}","{'Objective': 2005, 'Success_Rate': 0.8911111111111111, 'Time': 360.0137304269999, 'Status': 'VALID'}",
Adversarial,Adversarial_200_300_80,"{'Objective': 2681, 'Success_Rate': 0.8936666666666667, 'Time': 360.0289345699998, 'Status': 'VALID'}","{'Objective': 2664, 'Success_Rate': 0.888, 'Time': 360.05391709700007, 'Status': 'VALID'}","{'Objective': 2681, 'Success_Rate': 0.8936666666666667, 'Time': 360.0366603089999, 'Status': 'VALID'}","{'Objective': 2671, 'Success_Rate': 0.8903333333333333, 'Time': 360.0496797200001, 'Status': 'VALID'}","{'Objective': 2681, 'Success_Rate': 0.8936666666666667, 'Time': 360.0660646829999, 'Status': 'VALID'}","{'Objective': 2671, 'Success_Rate': 0.8903333333333333, 'Time': 360.02681965500005, 'Status': 'VALID'}","{'Objective': 2681, 'Success_Rate': 0.8936666666666667, 'Time': 360.06307994300005, 'Status': 'VALID'}","{'Objective': 2666, 'Success_Rate': 0.8886666666666667, 'Time': 360.0434830030001, 'Status': 'VALID'}",
Adversarial,Adversarial_20_30_10,"{'Objective': 157, 'Success_Rate': 0.785, 'Time': 20.003652180000017, 'Status': 'VALID'}","{'Objective': 156, 'Success_Rate': 0.78, 'Time': 20.00310439699996, 'Status': 'VALID'}","{'Objective': 157, 'Success_Rate': 0.785, 'Time': 20.005030981999997, 'Status': 'VALID'}","{'Objective': 157, 'Success_Rate': 0.785, 'Time': 19.97861077999994, 'Status': 'VALID'}","{'Objective': 157, 'Success_Rate': 0.785, 'Time': 20.00215666599996, 'Status': 'VALID'}","{'Objective': 155, 'Success_Rate': 0.775, 'Time': 20.004563848000004, 'Status': 'VALID'}","{'Objective': 157, 'Success_Rate': 0.785, 'Time': 20.001482753999998, 'Status': 'VALID'}","{'Objective': 156, 'Success_Rate': 0.78, 'Time': 20.002378744, 'Status': 'VALID'}",
Adversarial,Adversarial_300_450_120,"{'Objective': 3924, 'Success_Rate': 0.872, 'Time': 360.07961475699994, 'Status': 'VALID'}","{'Objective': 3907, 'Success_Rate': 0.8682222222222222, 'Time': 360.077435752, 'Status': 'VALID'}","{'Objective': 3924, 'Success_Rate': 0.872, 'Time': 360.052974836, 'Status': 'VALID'}","{'Objective': 3898, 'Success_Rate': 0.8662222222222222, 'Time': 360.08323025699974, 'Status': 'VALID'}","{'Objective': 3924, 'Success_Rate': 0.872, 'Time': 360.1275679329999, 'Status': 'VALID'}","{'Objective': 3914, 'Success_Rate': 0.8697777777777778, 'Time': 360.15266410000004, 'Status': 'VALID'}","{'Objective': 3924, 'Success_Rate': 0.872, 'Time': 360.0675812520001, 'Status': 'VALID'}","{'Objective': 3907, 'Success_Rate': 0.8682222222222222, 'Time': 360.095166498, 'Status': 'VALID'}",
Adversarial,Adversarial_500_750_200,"{'Objective': 6630, 'Success_Rate': 0.8841178823843179, 'Time': 600.0559443330001, 'Status': 'VALID'}","{'Objective': 6570, 'Success_Rate': 0.8761168155754101, 'Time': 600.0769934930001, 'Status': 'VALID'}","{'Objective': 6630, 'Success_Rate': 0.8841178823843179, 'Time': 600.0934912849998, 'Status': 'VALID'}","{'Objective': 6581, 'Success_Rate': 0.8775836778237098, 'Time': 600.3696486000003, 'Status': 'VALID'}","{'Objective': 6630, 'Success_Rate': 0.8841178823843179, 'Time': 600.0533500659999, 'Status': 'VALID'}","{'Objective': 6590, 'Success_Rate': 0.878783837845046, 'Time': 600.3192672719999, 'Status': 'VALID'}","{'Objective': 6630, 'Success_Rate': 0.8841178823843179, 'Time': 600.179233333, 'Status': 'VALID'}","{'Objective': 6582, 'Success_Rate': 0.8777170289371916, 'Time': 600.0986985119998, 'Status': 'VALID'}",
Adversarial,Adversarial_50_75_20,"{'Objective': 493, 'Success_Rate': 0.6573333333333333, 'Time': 90.02168782599995, 'Status': 'VALID'}","{'Objective': 490, 'Success_Rate': 0.6533333333333333, 'Time': 90.02229558899995, 'Status': 'VALID'}","{'Objective': 493, 'Success_Rate': 0.6573333333333333, 'Time': 90.01926280100002, 'Status': 'VALID'}","{'Objective': 490, 'Success_Rate': 0.6533333333333333, 'Time': 90.02413964999994, 'Status': 'VALID'}","{'Objective': 493, 'Success_Rate': 0.6573333333333333, 'Time': 90.02182923000004, 'Status': 'VALID'}","{'Objective': 491, 'Success_Rate': 0.6546666666666666, 'Time': 89.97270276499998, 'Status': 'VALID'}","{'Objective': 493, 'Success_Rate': 0.6573333333333333, 'Time': 90.024143261, 'Status': 'VALID'}","{'Objective': 489, 'Success_Rate': 0.652, 'Time': 90.017951945, 'Status': 'VALID'}",
Adversarial,Adversarial_800_1200_320,"{'Objective': 10608, 'Success_Rate': 0.884, 'Time': 900.349955013, 'Status': 'VALID'}","{'Objective': 10522, 'Success_Rate': 0.8768333333333334, 'Time': 900.1439705809998, 'Status': 'VALID'}","{'Objective': 10608, 'Success_Rate': 0.884, 'Time': 900.156143706, 'Status': 'VALID'}","{'Objective': 10530, 'Success_Rate': 0.8775, 'Time': 900.2617927230003, 'Status': 'VALID'}","{'Objective': 10608, 'Success_Rate': 0.884, 'Time': 900.5803106180001, 'Status': 'VALID'}","{'Objective': 10516, 'Success_Rate': 0.8763333333333333, 'Time': 900.713849878, 'Status': 'VALID'}","{'Objective': 10608, 'Success_Rate': 0.884, 'Time': 900.639654304, 'Status': 'VALID'}","{'Objective': 10522, 'Success_Rate': 0.8768333333333334, 'Time': 900.5030967800003, 'Status': 'VALID'}",
Adversarial,Adversarial_80_120_32,"{'Objective': 1064, 'Success_Rate': 0.8866666666666667, 'Time': 180.02376752700002, 'Status': 'VALID'}","{'Objective': 1066, 'Success_Rate': 0.8883333333333333, 'Time': 180.02010040599993, 'Status': 'VALID'}","{'Objective': 1064, 'Success_Rate': 0.8866666666666667, 'Time': 180.01239835800004, 'Status': 'VALID'}","{'Objective': 1064, 'Success_Rate': 0.8866666666666667, 'Time': 180.04230873699998, 'Status': 'VALID'}","{'Objective': 1064, 'Success_Rate': 0.8866666666666667, 'Time': 180.03654652499995, 'Status': 'VALID'}","{'Objective': 1065, 'Success_Rate': 0.8875, 'Time': 180.01671606400004, 'Status': 'VALID'}","{'Objective': 1064, 'Success_Rate': 0.8866666666666667, 'Time': 180.00879799999996, 'Status': 'VALID'}","{'Objective': 1064, 'Success_Rate': 0.8866666666666667, 'Time': 180.02600646499997, 'Status': 'VALID'}",
Adversarial_1000_1500_400,Adversarial_1000_1500_400,,,,,,,,,"{'Objective': 13218, 'Success_Rate': '-', 'Time': '-', 'Status': 'Success'}"
Adversarial_100_150_40,Adversarial_100_150_40,,,,,,,,,"{'Objective': 1390, 'Success_Rate': '-', 'Time': '-', 'Status': 'Success'}"
Adversarial_150_225_60,Adversarial_150_225_60,,,,,,,,,"{'Objective': 2022, 'Success_Rate': '-', 'Time': '-', 'Status': 'Success'}"
Adversarial_200_300_80,Adversarial_200_300_80,,,,,,,,,"{'Objective': 2683, 'Success_Rate': '-', 'Time': '-', 'Status': 'Success'}"
Adversarial_20_30_10,Adversarial_20_30_10,,,,,,,,,"{'Objective': 157, 'Success_Rate': '-', 'Time': '-', 'Status': 'Success'}"
Adversarial_300_450_120,Adversarial_300_450_120,,,,,,,,,"{'Objective': 3930, 'Success_Rate': '-', 'Time': '-', 'Status': 'Success'}"
Adversarial_500_750_200,Adversarial_500_750_200,,,,,,,,,"{'Objective': 6619, 'Success_Rate': '-', 'Time': '-', 'Status': 'Success'}"
Adversarial_50_75_20,Adversarial_50_75_20,,,,,,,,,"{'Objective': 493, 'Success_Rate': '-', 'Time': '-', 'Status': 'Success'}"
Adversarial_800_1200_320,Adversarial_800_1200_320,,,,,,,,,"{'Objective': 10609, 'Success_Rate': '-', 'Time': '-', 'Status': 'Success'}"
Adversarial_80_120_32,Adversarial_80_120_32,,,,,,,,,"{'Objective': 1064, 'Success_Rate': '-', 'Time': '-', 'Status': 'Success'}"
Exponential,Exponential_1000_1500_400,"{'Objective': 14414, 'Success_Rate': 0.9609333333333332, 'Time': 901.1374564669997, 'Status': 'VALID'}","{'Objective': 14357, 'Success_Rate': 0.9571333333333332, 'Time': 900.131233778, 'Status': 'VALID'}","{'Objective': 14414, 'Success_Rate': 0.9609333333333332, 'Time': 900.3349646430006, 'Status': 'VALID'}","{'Objective': 14389, 'Success_Rate': 0.9592666666666668, 'Time': 900.9556596169996, 'Status': 'VALID'}","{'Objective': 14414, 'Success_Rate': 0.9609333333333332, 'Time': 900.1057939170005, 'Status': 'VALID'}","{'Objective': 14363, 'Success_Rate': 0.9575333333333332, 'Time': 900.4212565829994, 'Status': 'VALID'}","{'Objective': 14414, 'Success_Rate': 0.9609333333333332, 'Time': 900.644389092, 'Status': 'VALID'}","{'Objective': 14366, 'Success_Rate': 0.9577333333333332, 'Time': 900.6462001369991, 'Status': 'VALID'}",
Exponential,Exponential_100_150_40,"{'Objective': 1121, 'Success_Rate': 0.7473333333333333, 'Time': 180.0083964860005, 'Status': 'VALID'}","{'Objective': 1120, 'Success_Rate': 0.7466666666666667, 'Time': 180.01643689499997, 'Status': 'VALID'}","{'Objective': 1121, 'Success_Rate': 0.7473333333333333, 'Time': 180.0315957849998, 'Status': 'VALID'}","{'Objective': 1123, 'Success_Rate': 0.7486666666666667, 'Time': 180.02636220299974, 'Status': 'VALID'}","{'Objective': 1122, 'Success_Rate': 0.748, 'Time': 180.0362781220001, 'Status': 'VALID'}","{'Objective': 1126, 'Success_Rate': 0.7506666666666667, 'Time': 180.01773785899968, 'Status': 'VALID'}","{'Objective': 1123, 'Success_Rate': 0.7486666666666667, 'Time': 180.01812449499994, 'Status': 'VALID'}","{'Objective': 1122, 'Success_Rate': 0.748, 'Time': 180.02501811599996, 'Status': 'VALID'}",
Exponential,Exponential_150_225_60,"{'Objective': 1936, 'Success_Rate': 0.8604444444444445, 'Time': 360.0155311889994, 'Status': 'VALID'}","{'Objective': 1931, 'Success_Rate': 0.8582222222222222, 'Time': 360.056153816, 'Status': 'VALID'}","{'Objective': 1936, 'Success_Rate': 0.8604444444444445, 'Time': 360.04026611599966, 'Status': 'VALID'}","{'Objective': 1928, 'Success_Rate': 0.8568888888888889, 'Time': 360.0566196999998, 'Status': 'VALID'}","{'Objective': 1936, 'Success_Rate': 0.8604444444444445, 'Time': 360.0415083549997, 'Status': 'VALID'}","{'Objective': 1924, 'Success_Rate': 0.8551111111111112, 'Time': 360.0410538610004, 'Status': 'VALID'}","{'Objective': 1936, 'Success_Rate': 0.8604444444444445, 'Time': 360.02987297100026, 'Status': 'VALID'}","{'Objective': 1923, 'Success_Rate': 0.8546666666666667, 'Time': 360.00277081399963, 'Status': 'VALID'}",
Exponential,Exponential_200_300_80,"{'Objective': 2478, 'Success_Rate': 0.826, 'Time': 360.04057587900024, 'Status': 'VALID'}","{'Objective': 2453, 'Success_Rate': 0.8176666666666667, 'Time': 360.0278936279992, 'Status': 'VALID'}","{'Objective': 2478, 'Success_Rate': 0.826, 'Time': 360.0327662999998, 'Status': 'VALID'}","{'Objective': 2456, 'Success_Rate': 0.8186666666666667, 'Time': 360.0190578490001, 'Status': 'VALID'}","{'Objective': 2478, 'Success_Rate': 0.826, 'Time': 359.97979723000026, 'Status': 'VALID'}","{'Objective': 2454, 'Success_Rate': 0.818, 'Time': 360.0383335209999, 'Status': 'VALID'}","{'Objective': 2478, 'Success_Rate': 0.826, 'Time': 360.0329104520006, 'Status': 'VALID'}","{'Objective': 2455, 'Success_Rate': 0.8183333333333334, 'Time': 360.0305463859995, 'Status': 'VALID'}",
Exponential,Exponential_20_30_10,"{'Objective': 188, 'Success_Rate': 0.94, 'Time': 20.002719197999795, 'Status': 'VALID'}","{'Objective': 187, 'Success_Rate': 0.935, 'Time': 20.00418085900037, 'Status': 'VALID'}","{'Objective': 188, 'Success_Rate': 0.94, 'Time': 19.98982221499955, 'Status': 'VALID'}","{'Objective': 186, 'Success_Rate': 0.93, 'Time': 20.00455122800031, 'Status': 'VALID'}","{'Objective': 188, 'Success_Rate': 0.94, 'Time': 19.99229901000035, 'Status': 'VALID'}","{'Objective': 187, 'Success_Rate': 0.935, 'Time': 19.98533361299997, 'Status': 'VALID'}","{'Objective': 188, 'Success_Rate': 0.94, 'Time': 20.00185903100009, 'Status': 'VALID'}","{'Objective': 186, 'Success_Rate': 0.93, 'Time': 19.95793487200081, 'Status': 'VALID'}",
Exponential,Exponential_300_450_120,"{'Objective': 4030, 'Success_Rate': 0.8955555555555555, 'Time': 360.0853247039995, 'Status': 'VALID'}","{'Objective': 4004, 'Success_Rate': 0.8897777777777778, 'Time': 360.1096477890005, 'Status': 'VALID'}","{'Objective': 4030, 'Success_Rate': 0.8955555555555555, 'Time': 360.0809795770001, 'Status': 'VALID'}","{'Objective': 4001, 'Success_Rate': 0.8891111111111111, 'Time': 360.06509603000086, 'Status': 'VALID'}","{'Objective': 4030, 'Success_Rate': 0.8955555555555555, 'Time': 360.0334912069993, 'Status': 'VALID'}","{'Objective': 4006, 'Success_Rate': 0.8902222222222222, 'Time': 360.09950459300035, 'Status': 'VALID'}","{'Objective': 4030, 'Success_Rate': 0.8955555555555555, 'Time': 360.04574162300014, 'Status': 'VALID'}","{'Objective': 4008, 'Success_Rate': 0.8906666666666667, 'Time': 360.0844872789994, 'Status': 'VALID'}",
Exponential,Exponential_500_750_200,"{'Objective': 6993, 'Success_Rate': 0.9324, 'Time': 600.3101382959994, 'Status': 'VALID'}","{'Objective': 6960, 'Success_Rate': 0.928, 'Time': 600.1020990080006, 'Status': 'VALID'}","{'Objective': 6993, 'Success_Rate': 0.9324, 'Time': 600.2148635629992, 'Status': 'VALID'}","{'Objective': 6975, 'Success_Rate': 0.93, 'Time': 600.313800031, 'Status': 'VALID'}","{'Objective': 6993, 'Success_Rate': 0.9324, 'Time': 600.2673713479999, 'Status': 'VALID'}","{'Objective': 6956, 'Success_Rate': 0.9274666666666668, 'Time': 600.1648992769997, 'Status': 'VALID'}","{'Objective': 6993, 'Success_Rate': 0.9324, 'Time': 600.2523392269995, 'Status': 'VALID'}","{'Objective': 6970, 'Success_Rate': 0.9293333333333332, 'Time': 600.0813395590003, 'Status': 'VALID'}",
Exponential,Exponential_50_75_20,"{'Objective': 376, 'Success_Rate': 0.5013333333333333, 'Time': 89.97056078700007, 'Status': 'VALID'}","{'Objective': 368, 'Success_Rate': 0.4906666666666666, 'Time': 90.01260976699996, 'Status': 'VALID'}","{'Objective': 376, 'Success_Rate': 0.5013333333333333, 'Time': 90.01599212300061, 'Status': 'VALID'}","{'Objective': 369, 'Success_Rate': 0.492, 'Time': 90.00577691099988, 'Status': 'VALID'}","{'Objective': 376, 'Success_Rate': 0.5013333333333333, 'Time': 90.01557997200052, 'Status': 'VALID'}","{'Objective': 369, 'Success_Rate': 0.492, 'Time': 90.00948026599963, 'Status': 'VALID'}","{'Objective': 376, 'Success_Rate': 0.5013333333333333, 'Time': 90.00875064199954, 'Status': 'VALID'}","{'Objective': 369, 'Success_Rate': 0.492, 'Time': 90.0114472260002, 'Status': 'VALID'}",
Exponential,Exponential_800_1200_320,"{'Objective': 11450, 'Success_Rate': 0.9541666666666668, 'Time': 900.5055103730001, 'Status': 'VALID'}","{'Objective': 11396, 'Success_Rate': 0.9496666666666668, 'Time': 900.64234158, 'Status': 'VALID'}","{'Objective': 11450, 'Success_Rate': 0.9541666666666668, 'Time': 900.6693924950005, 'Status': 'VALID'}","{'Objective': 11396, 'Success_Rate': 0.9496666666666668, 'Time': 900.4143433640002, 'Status': 'VALID'}","{'Objective': 11450, 'Success_Rate': 0.9541666666666668, 'Time': 900.096210576, 'Status': 'VALID'}","{'Objective': 11395, 'Success_Rate': 0.9495833333333332, 'Time': 900.3548949830001, 'Status': 'VALID'}","{'Objective': 11450, 'Success_Rate': 0.9541666666666668, 'Time': 900.2005871660003, 'Status': 'VALID'}","{'Objective': 11409, 'Success_Rate': 0.95075, 'Time': 900.457323091, 'Status': 'VALID'}",
Exponential,Exponential_80_120_32,"{'Objective': 760, 'Success_Rate': 0.6333333333333333, 'Time': 180.0247704000003, 'Status': 'VALID'}","{'Objective': 745, 'Success_Rate': 0.6208333333333333, 'Time': 180.01544117699996, 'Status': 'VALID'}","{'Objective': 760, 'Success_Rate': 0.6333333333333333, 'Time': 180.02266077600052, 'Status': 'VALID'}","{'Objective': 746, 'Success_Rate': 0.6216666666666667, 'Time': 180.03075209899998, 'Status': 'VALID'}","{'Objective': 760, 'Success_Rate': 0.6333333333333333, 'Time': 180.01864472099987, 'Status': 'VALID'}","{'Objective': 743, 'Success_Rate': 0.6191666666666666, 'Time': 180.0178191340001, 'Status': 'VALID'}","{'Objective': 760, 'Success_Rate': 0.6333333333333333, 'Time': 180.0148079849996, 'Status': 'VALID'}","{'Objective': 746, 'Success_Rate': 0.6216666666666667, 'Time': 180.0193884549999, 'Status': 'VALID'}",
Exponential_1000_1500_400,Exponential_1000_1500_400,,,,,,,,,"{'Objective': 14437, 'Success_Rate': '-', 'Time': '-', 'Status': 'Success'}"
Exponential_100_150_40,Exponential_100_150_40,,,,,,,,,"{'Objective': 1112, 'Success_Rate': '-', 'Time': '-', 'Status': 'Success'}"
Exponential_150_225_60,Exponential_150_225_60,,,,,,,,,"{'Objective': 1940, 'Success_Rate': '-', 'Time': '-', 'Status': 'Success'}"
Exponential_200_300_80,Exponential_200_300_80,,,,,,,,,"{'Objective': 2472, 'Success_Rate': '-', 'Time': '-', 'Status': 'Success'}"
Exponential_20_30_10,Exponential_20_30_10,,,,,,,,,"{'Objective': 188, 'Success_Rate': '-', 'Time': '-', 'Status': 'Success'}"
Exponential_300_450_120,Exponential_300_450_120,,,,,,,,,"{'Objective': 4028, 'Success_Rate': '-', 'Time': '-', 'Status': 'Success'}"
Exponential_500_750_200,Exponential_500_750_200,,,,,,,,,"{'Objective': 7006, 'Success_Rate': '-', 'Time': '-', 'Status': 'Success'}"
Exponential_50_75_20,Exponential_50_75_20,,,,,,,,,"{'Objective': 376, 'Success_Rate': '-', 'Time': '-', 'Status': 'Success'}"
Exponential_800_1200_320,Exponential_800_1200_320,,,,,,,,,"{'Objective': 11454, 'Success_Rate': '-', 'Time': '-', 'Status': 'Success'}"
Exponential_80_120_32,Exponential_80_120_32,,,,,,,,,"{'Objective': 756, 'Success_Rate': '-', 'Time': '-', 'Status': 'Success'}"
Gaussian,Gaussian_1000_1500_400,"{'Objective': 14793, 'Success_Rate': 0.9862, 'Time': 901.321246518999, 'Status': 'VALID'}","{'Objective': 14806, 'Success_Rate': 0.9870666666666666, 'Time': 901.6857688580004, 'Status': 'VALID'}","{'Objective': 14801, 'Success_Rate': 0.9867333333333334, 'Time': 901.486282901, 'Status': 'VALID'}","{'Objective': 14801, 'Success_Rate': 0.9867333333333334, 'Time': 902.0741992850016, 'Status': 'VALID'}","{'Objective': 14800, 'Success_Rate': 0.9866666666666668, 'Time': 901.1312282589988, 'Status': 'VALID'}","{'Objective': 14815, 'Success_Rate': 0.9876666666666668, 'Time': 900.5016420930006, 'Status': 'VALID'}","{'Objective': 14798, 'Success_Rate': 0.9865333333333334, 'Time': 901.169695638, 'Status': 'VALID'}","{'Objective': 14801, 'Success_Rate': 0.9867333333333334, 'Time': 901.5848724169992, 'Status': 'VALID'}",
Gaussian,Gaussian_100_150_40,"{'Objective': 1445, 'Success_Rate': 0.9633333333333334, 'Time': 180.03482148699914, 'Status': 'VALID'}","{'Objective': 1450, 'Success_Rate': 0.9666666666666668, 'Time': 180.03921696600082, 'Status': 'VALID'}","{'Objective': 1437, 'Success_Rate': 0.958, 'Time': 180.02643413999976, 'Status': 'VALID'}","{'Objective': 1439, 'Success_Rate': 0.9593333333333334, 'Time': 179.99592959899928, 'Status': 'VALID'}","{'Objective': 1440, 'Success_Rate': 0.96, 'Time': 180.02122065299957, 'Status': 'VALID'}","{'Objective': 1442, 'Success_Rate': 0.9613333333333334, 'Time': 180.00884553499964, 'Status': 'VALID'}","{'Objective': 1449, 'Success_Rate': 0.966, 'Time': 180.02096658399932, 'Status': 'VALID'}","{'Objective': 1448, 'Success_Rate': 0.9653333333333334, 'Time': 180.01797655100015, 'Status': 'VALID'}",
Gaussian,Gaussian_150_225_60,"{'Objective': 2192, 'Success_Rate': 0.9742222222222222, 'Time': 360.04893041299874, 'Status': 'VALID'}","{'Objective': 2192, 'Success_Rate': 0.9742222222222222, 'Time': 360.0552252340003, 'Status': 'VALID'}","{'Objective': 2195, 'Success_Rate': 0.9755555555555556, 'Time': 360.0624325440004, 'Status': 'VALID'}","{'Objective': 2191, 'Success_Rate': 0.9737777777777776, 'Time': 360.015690137001, 'Status': 'VALID'}","{'Objective': 2186, 'Success_Rate': 0.9715555555555556, 'Time': 360.0101093909998, 'Status': 'VALID'}","{'Objective': 2192, 'Success_Rate': 0.9742222222222222, 'Time': 360.0162134279999, 'Status': 'VALID'}","{'Objective': 2192, 'Success_Rate': 0.9742222222222222, 'Time': 360.04850689900013, 'Status': 'VALID'}","{'Objective': 2189, 'Success_Rate': 0.9728888888888888, 'Time': 360.0234769660001, 'Status': 'VALID'}",
Gaussian,Gaussian_200_300_80,"{'Objective': 2928, 'Success_Rate': 0.976, 'Time': 360.0445633390009, 'Status': 'VALID'}","{'Objective': 2929, 'Success_Rate': 0.9763333333333334, 'Time': 360.09403903599923, 'Status': 'VALID'}","{'Objective': 2925, 'Success_Rate': 0.975, 'Time': 360.0504950750001, 'Status': 'VALID'}","{'Objective': 2922, 'Success_Rate': 0.974, 'Time': 360.0430197810001, 'Status': 'VALID'}","{'Objective': 2931, 'Success_Rate': 0.977, 'Time': 360.04270202099906, 'Status': 'VALID'}","{'Objective': 2927, 'Success_Rate': 0.9756666666666668, 'Time': 360.02280475800035, 'Status': 'VALID'}","{'Objective': 2935, 'Success_Rate': 0.9783333333333334, 'Time': 360.0270239010006, 'Status': 'VALID'}","{'Objective': 2939, 'Success_Rate': 0.9796666666666668, 'Time': 360.0759405640001, 'Status': 'VALID'}",
Gaussian,Gaussian_20_30_10,"{'Objective': 161, 'Success_Rate': 0.805, 'Time': 19.98621783899944, 'Status': 'VALID'}","{'Objective': 162, 'Success_Rate': 0.81, 'Time': 20.001939144000065, 'Status': 'VALID'}","{'Objective': 162, 'Success_Rate': 0.81, 'Time': 19.96729148799932, 'Status': 'VALID'}","{'Objective': 162, 'Success_Rate': 0.81, 'Time': 19.96307619400068, 'Status': 'VALID'}","{'Objective': 164, 'Success_Rate': 0.82, 'Time': 19.9598112879994, 'Status': 'VALID'}","{'Objective': 164, 'Success_Rate': 0.82, 'Time': 19.96967372400013, 'Status': 'VALID'}","{'Objective': 161, 'Success_Rate': 0.805, 'Time': 20.002683213999266, 'Status': 'VALID'}","{'Objective': 163, 'Success_Rate': 0.815, 'Time': 20.00319575299909, 'Status': 'VALID'}",
Gaussian,Gaussian_300_450_120,"{'Objective': 4383, 'Success_Rate': 0.974, 'Time': 360.2218477480001, 'Status': 'VALID'}","{'Objective': 4388, 'Success_Rate': 0.9751111111111112, 'Time': 360.2004454420003, 'Status': 'VALID'}","{'Objective': 4378, 'Success_Rate': 0.9728888888888888, 'Time': 360.0544654080004, 'Status': 'VALID'}","{'Objective': 4388, 'Success_Rate': 0.9751111111111112, 'Time': 360.0502265560008, 'Status': 'VALID'}","{'Objective': 4386, 'Success_Rate': 0.9746666666666668, 'Time': 360.2439950280004, 'Status': 'VALID'}","{'Objective': 4388, 'Success_Rate': 0.9751111111111112, 'Time': 360.15340112800004, 'Status': 'VALID'}","{'Objective': 4385, 'Success_Rate': 0.9744444444444444, 'Time': 360.0717039479987, 'Status': 'VALID'}","{'Objective': 4387, 'Success_Rate': 0.9748888888888888, 'Time': 360.15188160900107, 'Status': 'VALID'}",
Gaussian,Gaussian_500_750_200,"{'Objective': 7413, 'Success_Rate': 0.9885318042405654, 'Time': 600.4741087189996, 'Status': 'VALID'}","{'Objective': 7409, 'Success_Rate': 0.9879983997866382, 'Time': 600.4801446439997, 'Status': 'VALID'}","{'Objective': 7410, 'Success_Rate': 0.98813175090012, 'Time': 600.0532764679992, 'Status': 'VALID'}","{'Objective': 7409, 'Success_Rate': 0.9879983997866382, 'Time': 600.2706233900008, 'Status': 'VALID'}","{'Objective': 7416, 'Success_Rate': 0.9889318575810108, 'Time': 600.4803800219997, 'Status': 'VALID'}","{'Objective': 7411, 'Success_Rate': 0.9882651020136018, 'Time': 600.1209832240002, 'Status': 'VALID'}","{'Objective': 7405, 'Success_Rate': 0.987464995332711, 'Time': 600.180926821, 'Status': 'VALID'}","{'Objective': 7412, 'Success_Rate': 0.9883984531270836, 'Time': 600.2716923100015, 'Status': 'VALID'}",
Gaussian,Gaussian_50_75_20,"{'Objective': 687, 'Success_Rate': 0.916, 'Time': 89.95493297900066, 'Status': 'VALID'}","{'Objective': 687, 'Success_Rate': 0.916, 'Time': 90.01878137699987, 'Status': 'VALID'}","{'Objective': 687, 'Success_Rate': 0.916, 'Time': 90.00836832099958, 'Status': 'VALID'}","{'Objective': 687, 'Success_Rate': 0.916, 'Time': 90.02157435799927, 'Status': 'VALID'}","{'Objective': 687, 'Success_Rate': 0.916, 'Time': 90.01583876899895, 'Status': 'VALID'}","{'Objective': 687, 'Success_Rate': 0.916, 'Time': 89.96208422699965, 'Status': 'VALID'}","{'Objective': 687, 'Success_Rate': 0.916, 'Time': 90.00544656200054, 'Status': 'VALID'}","{'Objective': 687, 'Success_Rate': 0.916, 'Time': 90.01408045700009, 'Status': 'VALID'}",
Gaussian,Gaussian_800_1200_320,"{'Objective': 11809, 'Success_Rate': 0.9840833333333332, 'Time': 900.1837570600001, 'Status': 'VALID'}","{'Objective': 11813, 'Success_Rate': 0.9844166666666668, 'Time': 901.5937112760002, 'Status': 'VALID'}","{'Objective': 11804, 'Success_Rate': 0.9836666666666668, 'Time': 900.2652810360014, 'Status': 'VALID'}","{'Objective': 11811, 'Success_Rate': 0.98425, 'Time': 901.7463590749994, 'Status': 'VALID'}","{'Objective': 11799, 'Success_Rate': 0.98325, 'Time': 900.936274968999, 'Status': 'VALID'}","{'Objective': 11804, 'Success_Rate': 0.9836666666666668, 'Time': 900.938027238999, 'Status': 'VALID'}","{'Objective': 11808, 'Success_Rate': 0.984, 'Time': 900.1852942309997, 'Status': 'VALID'}","{'Objective': 11814, 'Success_Rate': 0.9845, 'Time': 900.6364728970002, 'Status': 'VALID'}",
Gaussian,Gaussian_80_120_32,"{'Objective': 1158, 'Success_Rate': 0.965, 'Time': 180.02142403000107, 'Status': 'VALID'}","{'Objective': 1156, 'Success_Rate': 0.9633333333333334, 'Time': 180.02242541000123, 'Status': 'VALID'}","{'Objective': 1157, 'Success_Rate': 0.9641666666666666, 'Time': 180.01176993400077, 'Status': 'VALID'}","{'Objective': 1157, 'Success_Rate': 0.9641666666666666, 'Time': 180.02455905399984, 'Status': 'VALID'}","{'Objective': 1158, 'Success_Rate': 0.965, 'Time': 180.02864313200007, 'Status': 'VALID'}","{'Objective': 1157, 'Success_Rate': 0.9641666666666666, 'Time': 180.0167248029993, 'Status': 'VALID'}","{'Objective': 1156, 'Success_Rate': 0.9633333333333334, 'Time': 180.03014296000038, 'Status': 'VALID'}","{'Objective': 1158, 'Success_Rate': 0.965, 'Time': 180.02328510699954, 'Status': 'VALID'}",
Gaussian_1000_1500_400,Gaussian_1000_1500_400,,,,,,,,,"{'Objective': 14770, 'Success_Rate': '-', 'Time': '-', 'Status': 'Success'}"
Gaussian_100_150_40,Gaussian_100_150_40,,,,,,,,,"{'Objective': 1429, 'Success_Rate': '-', 'Time': '-', 'Status': 'Success'}"
Gaussian_150_225_60,Gaussian_150_225_60,,,,,,,,,"{'Objective': 2175, 'Success_Rate': '-', 'Time': '-', 'Status': 'Success'}"
Gaussian_200_300_80,Gaussian_200_300_80,,,,,,,,,"{'Objective': 2900, 'Success_Rate': '-', 'Time': '-', 'Status': 'Success'}"
Gaussian_20_30_10,Gaussian_20_30_10,,,,,,,,,"{'Objective': 159, 'Success_Rate': '-', 'Time': '-', 'Status': 'Success'}"
Gaussian_300_450_120,Gaussian_300_450_120,,,,,,,,,"{'Objective': 4361, 'Success_Rate': '-', 'Time': '-', 'Status': 'Success'}"
Gaussian_500_750_200,Gaussian_500_750_200,,,,,,,,,"{'Objective': 7393, 'Success_Rate': '-', 'Time': '-', 'Status': 'Success'}"
Gaussian_50_75_20,Gaussian_50_75_20,,,,,,,,,"{'Objective': 687, 'Success_Rate': '-', 'Time': '-', 'Status': 'Success'}"
Gaussian_800_1200_320,Gaussian_800_1200_320,,,,,,,,,"{'Objective': 11784, 'Success_Rate': '-', 'Time': '-', 'Status': 'Success'}"
Gaussian_80_120_32,Gaussian_80_120_32,,,,,,,,,"{'Objective': 1151, 'Success_Rate': '-', 'Time': '-', 'Status': 'Success'}"
Poisson,Poisson_1000_1500_400,"{'Objective': 14627, 'Success_Rate': 0.9751983465564372, 'Time': 900.73723264, 'Status': 'VALID'}","{'Objective': 14636, 'Success_Rate': 0.975798386559104, 'Time': 901.1696935660002, 'Status': 'VALID'}","{'Objective': 14619, 'Success_Rate': 0.9746649776651776, 'Time': 900.612826519, 'Status': 'VALID'}","{'Objective': 14641, 'Success_Rate': 0.9761317421161412, 'Time': 900.4250409499982, 'Status': 'VALID'}","{'Objective': 14620, 'Success_Rate': 0.9747316487765852, 'Time': 900.7477365639988, 'Status': 'VALID'}","{'Objective': 14631, 'Success_Rate': 0.9754650310020668, 'Time': 901.4866260790004, 'Status': 'VALID'}","{'Objective': 14619, 'Success_Rate': 0.9746649776651776, 'Time': 901.0347112400012, 'Status': 'VALID'}","{'Objective': 14636, 'Success_Rate': 0.975798386559104, 'Time': 900.8564890969992, 'Status': 'VALID'}",
Poisson,Poisson_100_150_40,"{'Objective': 1417, 'Success_Rate': 0.9446666666666668, 'Time': 180.03124728699913, 'Status': 'VALID'}","{'Objective': 1420, 'Success_Rate': 0.9466666666666668, 'Time': 180.01135614299892, 'Status': 'VALID'}","{'Objective': 1417, 'Success_Rate': 0.9446666666666668, 'Time': 180.01772711800004, 'Status': 'VALID'}","{'Objective': 1415, 'Success_Rate': 0.9433333333333334, 'Time': 180.028318132001, 'Status': 'VALID'}","{'Objective': 1417, 'Success_Rate': 0.9446666666666668, 'Time': 180.03224903000046, 'Status': 'VALID'}","{'Objective': 1410, 'Success_Rate': 0.94, 'Time': 180.00783907299956, 'Status': 'VALID'}","{'Objective': 1417, 'Success_Rate': 0.9446666666666668, 'Time': 180.03558076899935, 'Status': 'VALID'}","{'Objective': 1411, 'Success_Rate': 0.9406666666666668, 'Time': 180.0219402319999, 'Status': 'VALID'}",
Poisson,Poisson_150_225_60,"{'Objective': 2214, 'Success_Rate': 0.984, 'Time': 360.0243070659999, 'Status': 'VALID'}","{'Objective': 2214, 'Success_Rate': 0.984, 'Time': 360.0188779559994, 'Status': 'VALID'}","{'Objective': 2216, 'Success_Rate': 0.9848888888888888, 'Time': 360.01753763000124, 'Status': 'VALID'}","{'Objective': 2214, 'Success_Rate': 0.984, 'Time': 360.04725894699914, 'Status': 'VALID'}","{'Objective': 2214, 'Success_Rate': 0.984, 'Time': 360.03806207900016, 'Status': 'VALID'}","{'Objective': 2214, 'Success_Rate': 0.984, 'Time': 360.0337134250003, 'Status': 'VALID'}","{'Objective': 2213, 'Success_Rate': 0.9835555555555556, 'Time': 360.0308813149986, 'Status': 'VALID'}","{'Objective': 2213, 'Success_Rate': 0.9835555555555556, 'Time': 360.02884141600043, 'Status': 'VALID'}",
Poisson,Poisson_200_300_80,"{'Objective': 2956, 'Success_Rate': 0.9853333333333332, 'Time': 360.06543855400014, 'Status': 'VALID'}","{'Objective': 2951, 'Success_Rate': 0.9836666666666668, 'Time': 360.0917460520013, 'Status': 'VALID'}","{'Objective': 2957, 'Success_Rate': 0.9856666666666668, 'Time': 360.069167611, 'Status': 'VALID'}","{'Objective': 2948, 'Success_Rate': 0.9826666666666668, 'Time': 360.0199523830015, 'Status': 'VALID'}","{'Objective': 2961, 'Success_Rate': 0.987, 'Time': 360.07722628900046, 'Status': 'VALID'}","{'Objective': 2947, 'Success_Rate': 0.9823333333333332, 'Time': 360.0689931849993, 'Status': 'VALID'}","{'Objective': 2958, 'Success_Rate': 0.986, 'Time': 360.08765928200046, 'Status': 'VALID'}","{'Objective': 2954, 'Success_Rate': 0.9846666666666668, 'Time': 360.04162468899995, 'Status': 'VALID'}",
Poisson,Poisson_20_30_10,"{'Objective': 146, 'Success_Rate': 0.73, 'Time': 20.003141998999126, 'Status': 'VALID'}","{'Objective': 146, 'Success_Rate': 0.73, 'Time': 20.003545315999872, 'Status': 'VALID'}","{'Objective': 144, 'Success_Rate': 0.72, 'Time': 20.00469941099982, 'Status': 'VALID'}","{'Objective': 145, 'Success_Rate': 0.725, 'Time': 20.00362007500007, 'Status': 'VALID'}","{'Objective': 145, 'Success_Rate': 0.725, 'Time': 19.99081555700104, 'Status': 'VALID'}","{'Objective': 144, 'Success_Rate': 0.72, 'Time': 20.00228659099957, 'Status': 'VALID'}","{'Objective': 145, 'Success_Rate': 0.725, 'Time': 19.95131942199987, 'Status': 'VALID'}","{'Objective': 147, 'Success_Rate': 0.735, 'Time': 19.97313936000137, 'Status': 'VALID'}",
Poisson,Poisson_300_450_120,"{'Objective': 4467, 'Success_Rate': 0.9926666666666668, 'Time': 360.0919768189997, 'Status': 'VALID'}","{'Objective': 4470, 'Success_Rate': 0.9933333333333332, 'Time': 360.0382266329998, 'Status': 'VALID'}","{'Objective': 4471, 'Success_Rate': 0.9935555555555556, 'Time': 360.052741083, 'Status': 'VALID'}","{'Objective': 4471, 'Success_Rate': 0.9935555555555556, 'Time': 360.1744063140013, 'Status': 'VALID'}","{'Objective': 4476, 'Success_Rate': 0.9946666666666668, 'Time': 360.1180569220014, 'Status': 'VALID'}","{'Objective': 4467, 'Success_Rate': 0.9926666666666668, 'Time': 360.08098495299964, 'Status': 'VALID'}","{'Objective': 4473, 'Success_Rate': 0.994, 'Time': 360.1545008150006, 'Status': 'VALID'}","{'Objective': 4466, 'Success_Rate': 0.9924444444444444, 'Time': 360.1092593630001, 'Status': 'VALID'}",
Poisson,Poisson_500_750_200,"{'Objective': 7320, 'Success_Rate': 0.976, 'Time': 600.2592021109995, 'Status': 'VALID'}","{'Objective': 7323, 'Success_Rate': 0.9764, 'Time': 600.0796805059999, 'Status': 'VALID'}","{'Objective': 7319, 'Success_Rate': 0.9758666666666668, 'Time': 600.114558117999, 'Status': 'VALID'}","{'Objective': 7325, 'Success_Rate': 0.9766666666666668, 'Time': 600.0604840619999, 'Status': 'VALID'}","{'Objective': 7323, 'Success_Rate': 0.9764, 'Time': 600.3114098860005, 'Status': 'VALID'}","{'Objective': 7322, 'Success_Rate': 0.9762666666666666, 'Time': 600.091727215, 'Status': 'VALID'}","{'Objective': 7329, 'Success_Rate': 0.9772, 'Time': 600.41900747, 'Status': 'VALID'}","{'Objective': 7332, 'Success_Rate': 0.9776, 'Time': 600.1305608130006, 'Status': 'VALID'}",
Poisson,Poisson_50_75_20,"{'Objective': 620, 'Success_Rate': 0.8266666666666667, 'Time': 90.0080580549984, 'Status': 'VALID'}","{'Objective': 617, 'Success_Rate': 0.8226666666666667, 'Time': 90.01640099799988, 'Status': 'VALID'}","{'Objective': 620, 'Success_Rate': 0.8266666666666667, 'Time': 89.99161176400048, 'Status': 'VALID'}","{'Objective': 616, 'Success_Rate': 0.8213333333333334, 'Time': 90.00755013400158, 'Status': 'VALID'}","{'Objective': 620, 'Success_Rate': 0.8266666666666667, 'Time': 90.01024392499858, 'Status': 'VALID'}","{'Objective': 615, 'Success_Rate': 0.82, 'Time': 90.01071025499914, 'Status': 'VALID'}","{'Objective': 620, 'Success_Rate': 0.8266666666666667, 'Time': 90.0105011100004, 'Status': 'VALID'}","{'Objective': 617, 'Success_Rate': 0.8226666666666667, 'Time': 90.01463028800026, 'Status': 'VALID'}",
Poisson,Poisson_800_1200_320,"{'Objective': 11830, 'Success_Rate': 0.9858333333333332, 'Time': 900.6719612550005, 'Status': 'VALID'}","{'Objective': 11795, 'Success_Rate': 0.9829166666666668, 'Time': 900.8006912720012, 'Status': 'VALID'}","{'Objective': 11805, 'Success_Rate': 0.98375, 'Time': 900.7052639119993, 'Status': 'VALID'}","{'Objective': 11790, 'Success_Rate': 0.9825, 'Time': 900.8127450020002, 'Status': 'VALID'}","{'Objective': 11818, 'Success_Rate': 0.9848333333333332, 'Time': 900.393410992001, 'Status': 'VALID'}","{'Objective': 11795, 'Success_Rate': 0.9829166666666668, 'Time': 900.713306530999, 'Status': 'VALID'}","{'Objective': 11833, 'Success_Rate': 0.9860833333333332, 'Time': 900.5302679340002, 'Status': 'VALID'}","{'Objective': 11797, 'Success_Rate': 0.9830833333333332, 'Time': 900.6825737589988, 'Status': 'VALID'}",
Poisson,Poisson_80_120_32,"{'Objective': 1119, 'Success_Rate': 0.9325, 'Time': 180.015404269001, 'Status': 'VALID'}","{'Objective': 1120, 'Success_Rate': 0.9333333333333332, 'Time': 180.00984601299933, 'Status': 'VALID'}","{'Objective': 1121, 'Success_Rate': 0.9341666666666668, 'Time': 180.00756094499957, 'Status': 'VALID'}","{'Objective': 1119, 'Success_Rate': 0.9325, 'Time': 180.01053764000062, 'Status': 'VALID'}","{'Objective': 1122, 'Success_Rate': 0.935, 'Time': 180.0148178649997, 'Status': 'VALID'}","{'Objective': 1119, 'Success_Rate': 0.9325, 'Time': 180.02140046000022, 'Status': 'VALID'}","{'Objective': 1118, 'Success_Rate': 0.9316666666666666, 'Time': 180.02567570700012, 'Status': 'VALID'}","{'Objective': 1120, 'Success_Rate': 0.9333333333333332, 'Time': 180.0191361369998, 'Status': 'VALID'}",
Poisson_1000_1500_400,Poisson_1000_1500_400,,,,,,,,,"{'Objective': 14567, 'Success_Rate': '-', 'Time': '-', 'Status': 'Success'}"
Poisson_100_150_40,Poisson_100_150_40,,,,,,,,,"{'Objective': 1420, 'Success_Rate': '-', 'Time': '-', 'Status': 'Success'}"
Poisson_150_225_60,Poisson_150_225_60,,,,,,,,,"{'Objective': 2216, 'Success_Rate': '-', 'Time': '-', 'Status': 'Success'}"
Poisson_200_300_80,Poisson_200_300_80,,,,,,,,,"{'Objective': 2923, 'Success_Rate': '-', 'Time': '-', 'Status': 'Success'}"
Poisson_20_30_10,Poisson_20_30_10,,,,,,,,,"{'Objective': 140, 'Success_Rate': '-', 'Time': '-', 'Status': 'Success'}"
Poisson_300_450_120,Poisson_300_450_120,,,,,,,,,"{'Objective': 4456, 'Success_Rate': '-', 'Time': '-', 'Status': 'Success'}"
Poisson_500_750_200,Poisson_500_750_200,,,,,,,,,"{'Objective': 7313, 'Success_Rate': '-', 'Time': '-', 'Status': 'Success'}"
Poisson_50_75_20,Poisson_50_75_20,,,,,,,,,"{'Objective': 620, 'Success_Rate': '-', 'Time': '-', 'Status': 'Success'}"
Poisson_800_1200_320,Poisson_800_1200_320,,,,,,,,,"{'Objective': 11796, 'Success_Rate': '-', 'Time': '-', 'Status': 'Success'}"
Poisson_80_120_32,Poisson_80_120_32,,,,,,,,,"{'Objective': 1114, 'Success_Rate': '-', 'Time': '-', 'Status': 'Success'}"
Uniform,Uniform_1000_1500_400,"{'Objective': 14661, 'Success_Rate': 0.9774, 'Time': 900.7218777929992, 'Status': 'VALID'}","{'Objective': 14654, 'Success_Rate': 0.9769333333333332, 'Time': 901.0457673359996, 'Status': 'VALID'}","{'Objective': 14661, 'Success_Rate': 0.9774, 'Time': 902.8449906269998, 'Status': 'VALID'}","{'Objective': 14656, 'Success_Rate': 0.9770666666666666, 'Time': 901.544493854999, 'Status': 'VALID'}","{'Objective': 14661, 'Success_Rate': 0.9774, 'Time': 901.6885299070018, 'Status': 'VALID'}","{'Objective': 14643, 'Success_Rate': 0.9762, 'Time': 900.9879101719998, 'Status': 'VALID'}","{'Objective': 14661, 'Success_Rate': 0.9774, 'Time': 902.0843070849988, 'Status': 'VALID'}","{'Objective': 14644, 'Success_Rate': 0.9762666666666666, 'Time': 901.8554822500008, 'Status': 'VALID'}",
Uniform,Uniform_100_150_40,"{'Objective': 1386, 'Success_Rate': 0.924, 'Time': 180.0297311289978, 'Status': 'VALID'}","{'Objective': 1383, 'Success_Rate': 0.922, 'Time': 180.0381687659974, 'Status': 'VALID'}","{'Objective': 1386, 'Success_Rate': 0.924, 'Time': 180.04065598799934, 'Status': 'VALID'}","{'Objective': 1384, 'Success_Rate': 0.9226666666666666, 'Time': 180.01624494600037, 'Status': 'VALID'}","{'Objective': 1386, 'Success_Rate': 0.924, 'Time': 180.01545450900085, 'Status': 'VALID'}","{'Objective': 1384, 'Success_Rate': 0.9226666666666666, 'Time': 180.01083483600087, 'Status': 'VALID'}","{'Objective': 1386, 'Success_Rate': 0.924, 'Time': 180.01199990499845, 'Status': 'VALID'}","{'Objective': 1383, 'Success_Rate': 0.922, 'Time': 179.99893045299905, 'Status': 'VALID'}",
Uniform,Uniform_150_225_60,"{'Objective': 2134, 'Success_Rate': 0.9484444444444444, 'Time': 360.0296256840011, 'Status': 'VALID'}","{'Objective': 2136, 'Success_Rate': 0.9493333333333334, 'Time': 360.0182325390015, 'Status': 'VALID'}","{'Objective': 2141, 'Success_Rate': 0.9515555555555556, 'Time': 360.0325755769991, 'Status': 'VALID'}","{'Objective': 2140, 'Success_Rate': 0.9511111111111112, 'Time': 360.0100121180003, 'Status': 'VALID'}","{'Objective': 2137, 'Success_Rate': 0.9497777777777778, 'Time': 359.99630124399846, 'Status': 'VALID'}","{'Objective': 2133, 'Success_Rate': 0.948, 'Time': 360.054974314, 'Status': 'VALID'}","{'Objective': 2137, 'Success_Rate': 0.9497777777777778, 'Time': 360.0268814279989, 'Status': 'VALID'}","{'Objective': 2138, 'Success_Rate': 0.9502222222222222, 'Time': 360.0377522469971, 'Status': 'VALID'}",
Uniform,Uniform_200_300_80,"{'Objective': 2909, 'Success_Rate': 0.9696666666666668, 'Time': 360.12098443700233, 'Status': 'VALID'}","{'Objective': 2904, 'Success_Rate': 0.968, 'Time': 360.03790665499764, 'Status': 'VALID'}","{'Objective': 2909, 'Success_Rate': 0.9696666666666668, 'Time': 360.02365782500056, 'Status': 'VALID'}","{'Objective': 2905, 'Success_Rate': 0.9683333333333334, 'Time': 360.0557134080009, 'Status': 'VALID'}","{'Objective': 2902, 'Success_Rate': 0.9673333333333334, 'Time': 360.03854665999825, 'Status': 'VALID'}","{'Objective': 2904, 'Success_Rate': 0.968, 'Time': 360.1218868169999, 'Status': 'VALID'}","{'Objective': 2904, 'Success_Rate': 0.968, 'Time': 360.02411379299883, 'Status': 'VALID'}","{'Objective': 2906, 'Success_Rate': 0.9686666666666668, 'Time': 360.08420904500235, 'Status': 'VALID'}",
Uniform,Uniform_20_30_10,"{'Objective': 191, 'Success_Rate': 0.955, 'Time': 19.95588266300001, 'Status': 'VALID'}","{'Objective': 189, 'Success_Rate': 0.945, 'Time': 20.00487612300094, 'Status': 'VALID'}","{'Objective': 189, 'Success_Rate': 0.945, 'Time': 20.004349986000307, 'Status': 'VALID'}","{'Objective': 188, 'Success_Rate': 0.94, 'Time': 20.005106398999487, 'Status': 'VALID'}","{'Objective': 188, 'Success_Rate': 0.94, 'Time': 20.000781651999205, 'Status': 'VALID'}","{'Objective': 190, 'Success_Rate': 0.95, 'Time': 19.96999906899873, 'Status': 'VALID'}","{'Objective': 189, 'Success_Rate': 0.945, 'Time': 19.956897204998317, 'Status': 'VALID'}","{'Objective': 189, 'Success_Rate': 0.945, 'Time': 19.980450173001373, 'Status': 'VALID'}",
Uniform,Uniform_300_450_120,"{'Objective': 4277, 'Success_Rate': 0.9506557012669482, 'Time': 360.2272863170001, 'Status': 'VALID'}","{'Objective': 4276, 'Success_Rate': 0.9504334296510336, 'Time': 360.18308193300254, 'Status': 'VALID'}","{'Objective': 4279, 'Success_Rate': 0.9511002444987776, 'Time': 360.15913664899927, 'Status': 'VALID'}","{'Objective': 4272, 'Success_Rate': 0.949544343187375, 'Time': 360.0258368700015, 'Status': 'VALID'}","{'Objective': 4279, 'Success_Rate': 0.9511002444987776, 'Time': 360.0951142570011, 'Status': 'VALID'}","{'Objective': 4281, 'Success_Rate': 0.9515447877306068, 'Time': 360.0335957139978, 'Status': 'VALID'}","{'Objective': 4277, 'Success_Rate': 0.9506557012669482, 'Time': 360.16561737899974, 'Status': 'VALID'}","{'Objective': 4278, 'Success_Rate': 0.9508779728828628, 'Time': 360.0368073339996, 'Status': 'VALID'}",
Uniform,Uniform_500_750_200,"{'Objective': 7287, 'Success_Rate': 0.9716, 'Time': 600.4996022999985, 'Status': 'VALID'}","{'Objective': 7290, 'Success_Rate': 0.972, 'Time': 600.1736218860024, 'Status': 'VALID'}","{'Objective': 7292, 'Success_Rate': 0.9722666666666666, 'Time': 600.2215540119978, 'Status': 'VALID'}","{'Objective': 7289, 'Success_Rate': 0.9718666666666668, 'Time': 600.1940786859996, 'Status': 'VALID'}","{'Objective': 7287, 'Success_Rate': 0.9716, 'Time': 600.497529622, 'Status': 'VALID'}","{'Objective': 7280, 'Success_Rate': 0.9706666666666668, 'Time': 600.0424335240023, 'Status': 'VALID'}","{'Objective': 7287, 'Success_Rate': 0.9716, 'Time': 600.1581318600001, 'Status': 'VALID'}","{'Objective': 7295, 'Success_Rate': 0.9726666666666668, 'Time': 600.151209292002, 'Status': 'VALID'}",
Uniform,Uniform_50_75_20,"{'Objective': 649, 'Success_Rate': 0.8653333333333333, 'Time': 90.00960752600076, 'Status': 'VALID'}","{'Objective': 641, 'Success_Rate': 0.8546666666666667, 'Time': 90.00639337999928, 'Status': 'VALID'}","{'Objective': 648, 'Success_Rate': 0.864, 'Time': 90.00934800599862, 'Status': 'VALID'}","{'Objective': 641, 'Success_Rate': 0.8546666666666667, 'Time': 90.012827767001, 'Status': 'VALID'}","{'Objective': 648, 'Success_Rate': 0.864, 'Time': 90.0129910479991, 'Status': 'VALID'}","{'Objective': 645, 'Success_Rate': 0.86, 'Time': 89.96015092699963, 'Status': 'VALID'}","{'Objective': 648, 'Success_Rate': 0.864, 'Time': 90.00797374099966, 'Status': 'VALID'}","{'Objective': 647, 'Success_Rate': 0.8626666666666667, 'Time': 90.01324962899889, 'Status': 'VALID'}",
Uniform,Uniform_800_1200_320,"{'Objective': 11747, 'Success_Rate': 0.9789166666666668, 'Time': 900.381983018, 'Status': 'VALID'}","{'Objective': 11747, 'Success_Rate': 0.9789166666666668, 'Time': 900.5074052599994, 'Status': 'VALID'}","{'Objective': 11760, 'Success_Rate': 0.98, 'Time': 901.091544166, 'Status': 'VALID'}","{'Objective': 11754, 'Success_Rate': 0.9795, 'Time': 900.4050106989998, 'Status': 'VALID'}","{'Objective': 11758, 'Success_Rate': 0.9798333333333332, 'Time': 900.8695162619988, 'Status': 'VALID'}","{'Objective': 11747, 'Success_Rate': 0.9789166666666668, 'Time': 900.4713351879982, 'Status': 'VALID'}","{'Objective': 11755, 'Success_Rate': 0.9795833333333334, 'Time': 900.6952259069985, 'Status': 'VALID'}","{'Objective': 11749, 'Success_Rate': 0.9790833333333332, 'Time': 900.7969008660002, 'Status': 'VALID'}",
Uniform,Uniform_80_120_32,"{'Objective': 1126, 'Success_Rate': 0.9383333333333334, 'Time': 180.01235335199817, 'Status': 'VALID'}","{'Objective': 1122, 'Success_Rate': 0.935, 'Time': 180.02321984000082, 'Status': 'VALID'}","{'Objective': 1126, 'Success_Rate': 0.9383333333333334, 'Time': 180.02341171800072, 'Status': 'VALID'}","{'Objective': 1123, 'Success_Rate': 0.9358333333333332, 'Time': 180.02053658300065, 'Status': 'VALID'}","{'Objective': 1126, 'Success_Rate': 0.9383333333333334, 'Time': 180.0130195089987, 'Status': 'VALID'}","{'Objective': 1123, 'Success_Rate': 0.9358333333333332, 'Time': 180.0064402499993, 'Status': 'VALID'}","{'Objective': 1126, 'Success_Rate': 0.9383333333333334, 'Time': 180.0254398470006, 'Status': 'VALID'}","{'Objective': 1123, 'Success_Rate': 0.9358333333333332, 'Time': 180.01590832100192, 'Status': 'VALID'}",
Uniform_1000_1500_400,Uniform_1000_1500_400,,,,,,,,,"{'Objective': 14657, 'Success_Rate': '-', 'Time': '-', 'Status': 'Success'}"
Uniform_100_150_40,Uniform_100_150_40,,,,,,,,,"{'Objective': 1387, 'Success_Rate': '-', 'Time': '-', 'Status': 'Success'}"
Uniform_150_225_60,Uniform_150_225_60,,,,,,,,,"{'Objective': 2120, 'Success_Rate': '-', 'Time': '-', 'Status': 'Success'}"
Uniform_200_300_80,Uniform_200_300_80,,,,,,,,,"{'Objective': 2875, 'Success_Rate': '-', 'Time': '-', 'Status': 'Success'}"
Uniform_20_30_10,Uniform_20_30_10,,,,,,,,,"{'Objective': 184, 'Success_Rate': '-', 'Time': '-', 'Status': 'Success'}"
Uniform_300_450_120,Uniform_300_450_120,,,,,,,,,"{'Objective': 4281, 'Success_Rate': '-', 'Time': '-', 'Status': 'Success'}"
Uniform_500_750_200,Uniform_500_750_200,,,,,,,,,"{'Objective': 7266, 'Success_Rate': '-', 'Time': '-', 'Status': 'Success'}"
Uniform_50_75_20,Uniform_50_75_20,,,,,,,,,"{'Objective': 648, 'Success_Rate': '-', 'Time': '-', 'Status': 'Success'}"
Uniform_800_1200_320,Uniform_800_1200_320,,,,,,,,,"{'Objective': 11684, 'Success_Rate': '-', 'Time': '-', 'Status': 'Success'}"
Uniform_80_120_32,Uniform_80_120_32,,,,,,,,,"{'Objective': 1126, 'Success_Rate': '-', 'Time': '-', 'Status': 'Success'}"
hustack,hustack01,"{'Objective': 169, 'Success_Rate': 0.9441340782122905, 'Time': 19.979163705000246, 'Status': 'VALID'}","{'Objective': 169, 'Success_Rate': 0.9441340782122905, 'Time': 19.999523577000215, 'Status': 'VALID'}","{'Objective': 169, 'Success_Rate': 0.9441340782122905, 'Time': 19.976626985997427, 'Status': 'VALID'}","{'Objective': 169, 'Success_Rate': 0.9441340782122905, 'Time': 20.00317694700061, 'Status': 'VALID'}","{'Objective': 169, 'Success_Rate': 0.9441340782122905, 'Time': 20.002289819, 'Status': 'VALID'}","{'Objective': 169, 'Success_Rate': 0.9441340782122905, 'Time': 20.003488548998572, 'Status': 'VALID'}","{'Objective': 169, 'Success_Rate': 0.9441340782122905, 'Time': 19.997771054000623, 'Status': 'VALID'}","{'Objective': 169, 'Success_Rate': 0.9441340782122905, 'Time': 20.003083837000304, 'Status': 'VALID'}",
hustack,hustack02,"{'Objective': 167, 'Success_Rate': 0.8186274509803921, 'Time': 44.9519434190006, 'Status': 'VALID'}","{'Objective': 167, 'Success_Rate': 0.8186274509803921, 'Time': 44.997349426001165, 'Status': 'VALID'}","{'Objective': 167, 'Success_Rate': 0.8186274509803921, 'Time': 45.00015350000103, 'Status': 'VALID'}","{'Objective': 167, 'Success_Rate': 0.8186274509803921, 'Time': 44.96994529100266, 'Status': 'VALID'}","{'Objective': 167, 'Success_Rate': 0.8186274509803921, 'Time': 45.002448604001984, 'Status': 'VALID'}","{'Objective': 167, 'Success_Rate': 0.8186274509803921, 'Time': 45.002423597001325, 'Status': 'VALID'}","{'Objective': 167, 'Success_Rate': 0.8186274509803921, 'Time': 44.98171990999981, 'Status': 'VALID'}","{'Objective': 167, 'Success_Rate': 0.8186274509803921, 'Time': 45.00307365400295, 'Status': 'VALID'}",
hustack,hustack03,"{'Objective': 37, 'Success_Rate': 0.9487179487179488, 'Time': 19.96852379099801, 'Status': 'VALID'}","{'Objective': 37, 'Success_Rate': 0.9487179487179488, 'Time': 19.98005768400253, 'Status': 'VALID'}","{'Objective': 37, 'Success_Rate': 0.9487179487179488, 'Time': 19.96320770099919, 'Status': 'VALID'}","{'Objective': 37, 'Success_Rate': 0.9487179487179488, 'Time': 19.9553920699982, 'Status': 'VALID'}","{'Objective': 37, 'Success_Rate': 0.9487179487179488, 'Time': 19.95885555299901, 'Status': 'VALID'}","{'Objective': 37, 'Success_Rate': 0.9487179487179488, 'Time': 19.964730692001467, 'Status': 'VALID'}","{'Objective': 37, 'Success_Rate': 0.9487179487179488, 'Time': 19.96080720299869, 'Status': 'VALID'}","{'Objective': 37, 'Success_Rate': 0.9487179487179488, 'Time': 19.954651447002107, 'Status': 'VALID'}",
hustack,hustack04,"{'Objective': 227, 'Success_Rate': 0.7643097643097643, 'Time': 45.002490701997885, 'Status': 'VALID'}","{'Objective': 227, 'Success_Rate': 0.7643097643097643, 'Time': 45.00514250800188, 'Status': 'VALID'}","{'Objective': 227, 'Success_Rate': 0.7643097643097643, 'Time': 44.98831655899994, 'Status': 'VALID'}","{'Objective': 227, 'Success_Rate': 0.7643097643097643, 'Time': 45.00419092000084, 'Status': 'VALID'}","{'Objective': 227, 'Success_Rate': 0.7643097643097643, 'Time': 45.00437546399917, 'Status': 'VALID'}","{'Objective': 227, 'Success_Rate': 0.7643097643097643, 'Time': 45.00383244400291, 'Status': 'VALID'}","{'Objective': 227, 'Success_Rate': 0.7643097643097643, 'Time': 45.00340562600104, 'Status': 'VALID'}","{'Objective': 227, 'Success_Rate': 0.7643097643097643, 'Time': 44.96939715500048, 'Status': 'VALID'}",
hustack,hustack05,"{'Objective': 318, 'Success_Rate': 0.8907563025210085, 'Time': 45.00528190399928, 'Status': 'VALID'}","{'Objective': 318, 'Success_Rate': 0.8907563025210085, 'Time': 44.97773954599688, 'Status': 'VALID'}","{'Objective': 318, 'Success_Rate': 0.8907563025210085, 'Time': 45.00401241900181, 'Status': 'VALID'}","{'Objective': 318, 'Success_Rate': 0.8907563025210085, 'Time': 45.00555498799804, 'Status': 'VALID'}","{'Objective': 318, 'Success_Rate': 0.8907563025210085, 'Time': 45.00376238699755, 'Status': 'VALID'}","{'Objective': 318, 'Success_Rate': 0.8907563025210085, 'Time': 45.006843701001344, 'Status': 'VALID'}","{'Objective': 318, 'Success_Rate': 0.8907563025210085, 'Time': 45.006807770001615, 'Status': 'VALID'}","{'Objective': 318, 'Success_Rate': 0.8907563025210085, 'Time': 44.9700468939991, 'Status': 'VALID'}",
hustack,hustack06,"{'Objective': 69, 'Success_Rate': 0.8846153846153846, 'Time': 19.960819658001128, 'Status': 'VALID'}","{'Objective': 69, 'Success_Rate': 0.8846153846153846, 'Time': 19.967873563997276, 'Status': 'VALID'}","{'Objective': 69, 'Success_Rate': 0.8846153846153846, 'Time': 19.962081356999988, 'Status': 'VALID'}","{'Objective': 69, 'Success_Rate': 0.8846153846153846, 'Time': 19.990777889997844, 'Status': 'VALID'}","{'Objective': 69, 'Success_Rate': 0.8846153846153846, 'Time': 19.98607527400236, 'Status': 'VALID'}","{'Objective': 69, 'Success_Rate': 0.8846153846153846, 'Time': 19.957124087999546, 'Status': 'VALID'}","{'Objective': 69, 'Success_Rate': 0.8846153846153846, 'Time': 19.986499048998667, 'Status': 'VALID'}","{'Objective': 69, 'Success_Rate': 0.8846153846153846, 'Time': 19.964393592003034, 'Status': 'VALID'}",
hustack,hustack07,"{'Objective': 200, 'Success_Rate': 0.8264462809917356, 'Time': 45.004882446999545, 'Status': 'VALID'}","{'Objective': 200, 'Success_Rate': 0.8264462809917356, 'Time': 44.98300449599992, 'Status': 'VALID'}","{'Objective': 200, 'Success_Rate': 0.8264462809917356, 'Time': 44.964076388998365, 'Status': 'VALID'}","{'Objective': 200, 'Success_Rate': 0.8264462809917356, 'Time': 45.00532142599696, 'Status': 'VALID'}","{'Objective': 200, 'Success_Rate': 0.8264462809917356, 'Time': 45.0041810340008, 'Status': 'VALID'}","{'Objective': 200, 'Success_Rate': 0.8264462809917356, 'Time': 45.00382477699896, 'Status': 'VALID'}","{'Objective': 200, 'Success_Rate': 0.8264462809917356, 'Time': 45.002359722999245, 'Status': 'VALID'}","{'Objective': 200, 'Success_Rate': 0.8264462809917356, 'Time': 45.00237038399791, 'Status': 'VALID'}",
hustack,hustack08,"{'Objective': 148, 'Success_Rate': 0.8809523809523809, 'Time': 20.0027623820024, 'Status': 'VALID'}","{'Objective': 148, 'Success_Rate': 0.8809523809523809, 'Time': 19.96916754100312, 'Status': 'VALID'}","{'Objective': 148, 'Success_Rate': 0.8809523809523809, 'Time': 19.9791780609994, 'Status': 'VALID'}","{'Objective': 148, 'Success_Rate': 0.8809523809523809, 'Time': 20.00336438100203, 'Status': 'VALID'}","{'Objective': 148, 'Success_Rate': 0.8809523809523809, 'Time': 19.96851962499932, 'Status': 'VALID'}","{'Objective': 148, 'Success_Rate': 0.8809523809523809, 'Time': 20.0018161980006, 'Status': 'VALID'}","{'Objective': 148, 'Success_Rate': 0.8809523809523809, 'Time': 19.953630481999426, 'Status': 'VALID'}","{'Objective': 148, 'Success_Rate': 0.8809523809523809, 'Time': 20.00277733099938, 'Status': 'VALID'}",
hustack,hustack09,"{'Objective': 284, 'Success_Rate': 0.8685015290519877, 'Time': 45.00608030100193, 'Status': 'VALID'}","{'Objective': 284, 'Success_Rate': 0.8685015290519877, 'Time': 45.002771788000246, 'Status': 'VALID'}","{'Objective': 284, 'Success_Rate': 0.8685015290519877, 'Time': 45.004633462998754, 'Status': 'VALID'}","{'Objective': 284, 'Success_Rate': 0.8685015290519877, 'Time': 44.99216575099854, 'Status': 'VALID'}","{'Objective': 284, 'Success_Rate': 0.8685015290519877, 'Time': 44.972063417000754, 'Status': 'VALID'}","{'Objective': 284, 'Success_Rate': 0.8685015290519877, 'Time': 44.98360793499887, 'Status': 'VALID'}","{'Objective': 284, 'Success_Rate': 0.8685015290519877, 'Time': 45.00290341399887, 'Status': 'VALID'}","{'Objective': 284, 'Success_Rate': 0.8685015290519877, 'Time': 45.00375772299958, 'Status': 'VALID'}",
hustack,hustack10,"{'Objective': 12, 'Success_Rate': 1.0, 'Time': 0.0001408620009897, 'Status': 'VALID'}","{'Objective': 12, 'Success_Rate': 1.0, 'Time': 19.95274345399957, 'Status': 'VALID'}","{'Objective': 12, 'Success_Rate': 1.0, 'Time': 0.0001541479978186, 'Status': 'VALID'}","{'Objective': 12, 'Success_Rate': 1.0, 'Time': 19.95418187299947, 'Status': 'VALID'}","{'Objective': 12, 'Success_Rate': 1.0, 'Time': 0.0001485259999753, 'Status': 'VALID'}","{'Objective': 12, 'Success_Rate': 1.0, 'Time': 19.953194048001023, 'Status': 'VALID'}","{'Objective': 12, 'Success_Rate': 1.0, 'Time': 0.0001571960019646, 'Status': 'VALID'}","{'Objective': 12, 'Success_Rate': 1.0, 'Time': 19.95227210899975, 'Status': 'VALID'}",
hustack01,hustack01,,,,,,,,,"{'Objective': 169, 'Success_Rate': '-', 'Time': '-', 'Status': 'Success'}"
hustack02,hustack02,,,,,,,,,"{'Objective': 167, 'Success_Rate': '-', 'Time': '-', 'Status': 'Success'}"
hustack03,hustack03,,,,,,,,,"{'Objective': 37, 'Success_Rate': '-', 'Time': '-', 'Status': 'Success'}"
hustack04,hustack04,,,,,,,,,"{'Objective': 227, 'Success_Rate': '-', 'Time': '-', 'Status': 'Success'}"
hustack05,hustack05,,,,,,,,,"{'Objective': 318, 'Success_Rate': '-', 'Time': '-', 'Status': 'Success'}"
hustack06,hustack06,,,,,,,,,"{'Objective': 69, 'Success_Rate': '-', 'Time': '-', 'Status': 'Success'}"
hustack07,hustack07,,,,,,,,,"{'Objective': 200, 'Success_Rate': '-', 'Time': '-', 'Status': 'Success'}"
hustack08,hustack08,,,,,,,,,"{'Objective': 147, 'Success_Rate': '-', 'Time': '-', 'Status': 'Success'}"
hustack09,hustack09,,,,,,,,,"{'Objective': 283, 'Success_Rate': '-', 'Time': '-', 'Status': 'Success'}"
hustack10,hustack10,,,,,,,,,"{'Objective': 12, 'Success_Rate': '-', 'Time': '-', 'Status': 'Success'}"
