Algorithm,Experiment,Dataset,File,Objective,Success_Rate,Greedy_Baseline,GA_Best,Difference_vs_Greedy,Avg_Time,Status,Population,Elite,Crossover_Rate,Mutation_Rate,Crossover_Type,Mutation_Type
Pure GA Timetabling,pop40_elite5_cx0p85_ox_mut0p4_mixed_tk3_initheuristic_ga_low_mutation_0p4,Adversarial,Adversarial_20_30_10,157,0.785,157,157,0,20.003652180000017,VALID,40,5,0.85,0.4,ox,mixed
Pure GA Timetabling,pop40_elite5_cx0p85_ox_mut0p4_mixed_tk3_initheuristic_ga_low_mutation_0p4,Adversarial,Adversarial_50_75_20,493,0.6573333333333333,493,493,0,90.02168782599995,VALID,40,5,0.85,0.4,ox,mixed
Pure GA Timetabling,pop40_elite5_cx0p85_ox_mut0p4_mixed_tk3_initheuristic_ga_low_mutation_0p4,Adversarial,Adversarial_80_120_32,1064,0.8866666666666667,1064,1064,0,180.02376752700002,VALID,40,5,0.85,0.4,ox,mixed
Pure GA Timetabling,pop40_elite5_cx0p85_ox_mut0p4_mixed_tk3_initheuristic_ga_low_mutation_0p4,Adversarial,Adversarial_100_150_40,1390,0.9266666666666666,1390,1390,0,180.04137759699995,VALID,40,5,0.85,0.4,ox,mixed
Pure GA Timetabling,pop40_elite5_cx0p85_ox_mut0p4_mixed_tk3_initheuristic_ga_low_mutation_0p4,Adversarial,Adversarial_150_225_60,2022,0.8986666666666666,2022,2022,0,360.05039357700014,VALID,40,5,0.85,0.4,ox,mixed
Pure GA Timetabling,pop40_elite5_cx0p85_ox_mut0p4_mixed_tk3_initheuristic_ga_low_mutation_0p4,Adversarial,Adversarial_200_300_80,2681,0.8936666666666667,2681,2681,0,360.0289345699998,VALID,40,5,0.85,0.4,ox,mixed
Pure GA Timetabling,pop40_elite5_cx0p85_ox_mut0p4_mixed_tk3_initheuristic_ga_low_mutation_0p4,Adversarial,Adversarial_300_450_120,3924,0.872,3924,3924,0,360.07961475699994,VALID,40,5,0.85,0.4,ox,mixed
Pure GA Timetabling,pop40_elite5_cx0p85_ox_mut0p4_mixed_tk3_initheuristic_ga_low_mutation_0p4,Adversarial,Adversarial_500_750_200,6630,0.8841178823843179,6630,6630,0,600.0559443330001,VALID,40,5,0.85,0.4,ox,mixed
Pure GA Timetabling,pop40_elite5_cx0p85_ox_mut0p4_mixed_tk3_initheuristic_ga_low_mutation_0p4,Adversarial,Adversarial_800_1200_320,10608,0.884,10608,10608,0,900.349955013,VALID,40,5,0.85,0.4,ox,mixed
Pure GA Timetabling,pop40_elite5_cx0p85_ox_mut0p4_mixed_tk3_initheuristic_ga_low_mutation_0p4,Adversarial,Adversarial_1000_1500_400,13211,0.8807333333333334,13211,13211,0,900.7155623810004,VALID,40,5,0.85,0.4,ox,mixed
Pure GA Timetabling,pop40_elite5_cx0p85_ox_mut0p4_mixed_tk3_initheuristic_ga_low_mutation_0p4,Exponential,Exponential_20_30_10,188,0.94,188,188,0,20.002719197999795,VALID,40,5,0.85,0.4,ox,mixed
Pure GA Timetabling,pop40_elite5_cx0p85_ox_mut0p4_mixed_tk3_initheuristic_ga_low_mutation_0p4,Exponential,Exponential_50_75_20,376,0.5013333333333333,376,376,0,89.97056078700007,VALID,40,5,0.85,0.4,ox,mixed
Pure GA Timetabling,pop40_elite5_cx0p85_ox_mut0p4_mixed_tk3_initheuristic_ga_low_mutation_0p4,Exponential,Exponential_80_120_32,760,0.6333333333333333,760,760,0,180.0247704000003,VALID,40,5,0.85,0.4,ox,mixed
Pure GA Timetabling,pop40_elite5_cx0p85_ox_mut0p4_mixed_tk3_initheuristic_ga_low_mutation_0p4,Exponential,Exponential_100_150_40,1121,0.7473333333333333,1112,1121,9,180.0083964860005,VALID,40,5,0.85,0.4,ox,mixed
Pure GA Timetabling,pop40_elite5_cx0p85_ox_mut0p4_mixed_tk3_initheuristic_ga_low_mutation_0p4,Exponential,Exponential_150_225_60,1936,0.8604444444444445,1936,1936,0,360.0155311889994,VALID,40,5,0.85,0.4,ox,mixed
Pure GA Timetabling,pop40_elite5_cx0p85_ox_mut0p4_mixed_tk3_initheuristic_ga_low_mutation_0p4,Exponential,Exponential_200_300_80,2478,0.826,2478,2478,0,360.04057587900024,VALID,40,5,0.85,0.4,ox,mixed
Pure GA Timetabling,pop40_elite5_cx0p85_ox_mut0p4_mixed_tk3_initheuristic_ga_low_mutation_0p4,Exponential,Exponential_300_450_120,4030,0.8955555555555555,4030,4030,0,360.0853247039995,VALID,40,5,0.85,0.4,ox,mixed
Pure GA Timetabling,pop40_elite5_cx0p85_ox_mut0p4_mixed_tk3_initheuristic_ga_low_mutation_0p4,Exponential,Exponential_500_750_200,6993,0.9324,6993,6993,0,600.3101382959994,VALID,40,5,0.85,0.4,ox,mixed
Pure GA Timetabling,pop40_elite5_cx0p85_ox_mut0p4_mixed_tk3_initheuristic_ga_low_mutation_0p4,Exponential,Exponential_800_1200_320,11450,0.9541666666666668,11450,11450,0,900.5055103730001,VALID,40,5,0.85,0.4,ox,mixed
Pure GA Timetabling,pop40_elite5_cx0p85_ox_mut0p4_mixed_tk3_initheuristic_ga_low_mutation_0p4,Exponential,Exponential_1000_1500_400,14414,0.9609333333333332,14414,14414,0,901.1374564669997,VALID,40,5,0.85,0.4,ox,mixed
Pure GA Timetabling,pop40_elite5_cx0p85_ox_mut0p4_mixed_tk3_initheuristic_ga_low_mutation_0p4,Gaussian,Gaussian_20_30_10,161,0.805,159,161,2,19.98621783899944,VALID,40,5,0.85,0.4,ox,mixed
Pure GA Timetabling,pop40_elite5_cx0p85_ox_mut0p4_mixed_tk3_initheuristic_ga_low_mutation_0p4,Gaussian,Gaussian_50_75_20,687,0.916,687,687,0,89.95493297900066,VALID,40,5,0.85,0.4,ox,mixed
Pure GA Timetabling,pop40_elite5_cx0p85_ox_mut0p4_mixed_tk3_initheuristic_ga_low_mutation_0p4,Gaussian,Gaussian_80_120_32,1158,0.965,1151,1158,7,180.02142403000107,VALID,40,5,0.85,0.4,ox,mixed
Pure GA Timetabling,pop40_elite5_cx0p85_ox_mut0p4_mixed_tk3_initheuristic_ga_low_mutation_0p4,Gaussian,Gaussian_100_150_40,1445,0.9633333333333334,1432,1445,13,180.03482148699914,VALID,40,5,0.85,0.4,ox,mixed
Pure GA Timetabling,pop40_elite5_cx0p85_ox_mut0p4_mixed_tk3_initheuristic_ga_low_mutation_0p4,Gaussian,Gaussian_150_225_60,2192,0.9742222222222222,2171,2192,21,360.04893041299874,VALID,40,5,0.85,0.4,ox,mixed
Pure GA Timetabling,pop40_elite5_cx0p85_ox_mut0p4_mixed_tk3_initheuristic_ga_low_mutation_0p4,Gaussian,Gaussian_200_300_80,2928,0.976,2904,2928,24,360.0445633390009,VALID,40,5,0.85,0.4,ox,mixed
Pure GA Timetabling,pop40_elite5_cx0p85_ox_mut0p4_mixed_tk3_initheuristic_ga_low_mutation_0p4,Gaussian,Gaussian_300_450_120,4383,0.974,4363,4383,20,360.2218477480001,VALID,40,5,0.85,0.4,ox,mixed
Pure GA Timetabling,pop40_elite5_cx0p85_ox_mut0p4_mixed_tk3_initheuristic_ga_low_mutation_0p4,Gaussian,Gaussian_500_750_200,7413,0.9885318042405654,7400,7413,13,600.4741087189996,VALID,40,5,0.85,0.4,ox,mixed
Pure GA Timetabling,pop40_elite5_cx0p85_ox_mut0p4_mixed_tk3_initheuristic_ga_low_mutation_0p4,Gaussian,Gaussian_800_1200_320,11809,0.9840833333333332,11787,11809,22,900.1837570600001,VALID,40,5,0.85,0.4,ox,mixed
Pure GA Timetabling,pop40_elite5_cx0p85_ox_mut0p4_mixed_tk3_initheuristic_ga_low_mutation_0p4,Gaussian,Gaussian_1000_1500_400,14793,0.9862,14770,14793,23,901.321246518999,VALID,40,5,0.85,0.4,ox,mixed
Pure GA Timetabling,pop40_elite5_cx0p85_ox_mut0p4_mixed_tk3_initheuristic_ga_low_mutation_0p4,Poisson,Poisson_20_30_10,146,0.73,140,146,6,20.003141998999126,VALID,40,5,0.85,0.4,ox,mixed
Pure GA Timetabling,pop40_elite5_cx0p85_ox_mut0p4_mixed_tk3_initheuristic_ga_low_mutation_0p4,Poisson,Poisson_50_75_20,620,0.8266666666666667,620,620,0,90.0080580549984,VALID,40,5,0.85,0.4,ox,mixed
Pure GA Timetabling,pop40_elite5_cx0p85_ox_mut0p4_mixed_tk3_initheuristic_ga_low_mutation_0p4,Poisson,Poisson_80_120_32,1119,0.9325,1114,1119,5,180.015404269001,VALID,40,5,0.85,0.4,ox,mixed
Pure GA Timetabling,pop40_elite5_cx0p85_ox_mut0p4_mixed_tk3_initheuristic_ga_low_mutation_0p4,Poisson,Poisson_100_150_40,1417,0.9446666666666668,1417,1417,0,180.03124728699913,VALID,40,5,0.85,0.4,ox,mixed
Pure GA Timetabling,pop40_elite5_cx0p85_ox_mut0p4_mixed_tk3_initheuristic_ga_low_mutation_0p4,Poisson,Poisson_150_225_60,2214,0.984,2213,2214,1,360.0243070659999,VALID,40,5,0.85,0.4,ox,mixed
Pure GA Timetabling,pop40_elite5_cx0p85_ox_mut0p4_mixed_tk3_initheuristic_ga_low_mutation_0p4,Poisson,Poisson_200_300_80,2956,0.9853333333333332,2932,2956,24,360.06543855400014,VALID,40,5,0.85,0.4,ox,mixed
Pure GA Timetabling,pop40_elite5_cx0p85_ox_mut0p4_mixed_tk3_initheuristic_ga_low_mutation_0p4,Poisson,Poisson_300_450_120,4467,0.9926666666666668,4449,4467,18,360.0919768189997,VALID,40,5,0.85,0.4,ox,mixed
Pure GA Timetabling,pop40_elite5_cx0p85_ox_mut0p4_mixed_tk3_initheuristic_ga_low_mutation_0p4,Poisson,Poisson_500_750_200,7320,0.976,7312,7320,8,600.2592021109995,VALID,40,5,0.85,0.4,ox,mixed
Pure GA Timetabling,pop40_elite5_cx0p85_ox_mut0p4_mixed_tk3_initheuristic_ga_low_mutation_0p4,Poisson,Poisson_800_1200_320,11830,0.9858333333333332,11805,11830,25,900.6719612550005,VALID,40,5,0.85,0.4,ox,mixed
Pure GA Timetabling,pop40_elite5_cx0p85_ox_mut0p4_mixed_tk3_initheuristic_ga_low_mutation_0p4,Poisson,Poisson_1000_1500_400,14627,0.9751983465564372,14563,14627,64,900.73723264,VALID,40,5,0.85,0.4,ox,mixed
Pure GA Timetabling,pop40_elite5_cx0p85_ox_mut0p4_mixed_tk3_initheuristic_ga_low_mutation_0p4,Uniform,Uniform_20_30_10,191,0.955,184,191,7,19.95588266300001,VALID,40,5,0.85,0.4,ox,mixed
Pure GA Timetabling,pop40_elite5_cx0p85_ox_mut0p4_mixed_tk3_initheuristic_ga_low_mutation_0p4,Uniform,Uniform_50_75_20,649,0.8653333333333333,648,649,1,90.00960752600076,VALID,40,5,0.85,0.4,ox,mixed
Pure GA Timetabling,pop40_elite5_cx0p85_ox_mut0p4_mixed_tk3_initheuristic_ga_low_mutation_0p4,Uniform,Uniform_80_120_32,1126,0.9383333333333334,1126,1126,0,180.01235335199817,VALID,40,5,0.85,0.4,ox,mixed
Pure GA Timetabling,pop40_elite5_cx0p85_ox_mut0p4_mixed_tk3_initheuristic_ga_low_mutation_0p4,Uniform,Uniform_100_150_40,1386,0.924,1386,1386,0,180.0297311289978,VALID,40,5,0.85,0.4,ox,mixed
Pure GA Timetabling,pop40_elite5_cx0p85_ox_mut0p4_mixed_tk3_initheuristic_ga_low_mutation_0p4,Uniform,Uniform_150_225_60,2134,0.9484444444444444,2122,2134,12,360.0296256840011,VALID,40,5,0.85,0.4,ox,mixed
Pure GA Timetabling,pop40_elite5_cx0p85_ox_mut0p4_mixed_tk3_initheuristic_ga_low_mutation_0p4,Uniform,Uniform_200_300_80,2909,0.9696666666666668,2877,2909,32,360.12098443700233,VALID,40,5,0.85,0.4,ox,mixed
Pure GA Timetabling,pop40_elite5_cx0p85_ox_mut0p4_mixed_tk3_initheuristic_ga_low_mutation_0p4,Uniform,Uniform_300_450_120,4277,0.9506557012669482,4277,4277,0,360.2272863170001,VALID,40,5,0.85,0.4,ox,mixed
Pure GA Timetabling,pop40_elite5_cx0p85_ox_mut0p4_mixed_tk3_initheuristic_ga_low_mutation_0p4,Uniform,Uniform_500_750_200,7287,0.9716,7262,7287,25,600.4996022999985,VALID,40,5,0.85,0.4,ox,mixed
Pure GA Timetabling,pop40_elite5_cx0p85_ox_mut0p4_mixed_tk3_initheuristic_ga_low_mutation_0p4,Uniform,Uniform_800_1200_320,11747,0.9789166666666668,11684,11747,63,900.381983018,VALID,40,5,0.85,0.4,ox,mixed
Pure GA Timetabling,pop40_elite5_cx0p85_ox_mut0p4_mixed_tk3_initheuristic_ga_low_mutation_0p4,Uniform,Uniform_1000_1500_400,14661,0.9774,14661,14661,0,900.7218777929992,VALID,40,5,0.85,0.4,ox,mixed
Pure GA Timetabling,pop40_elite5_cx0p85_ox_mut0p4_mixed_tk3_initheuristic_ga_low_mutation_0p4,hustack,hustack01,169,0.9441340782122905,169,169,0,19.979163705000246,VALID,40,5,0.85,0.4,ox,mixed
Pure GA Timetabling,pop40_elite5_cx0p85_ox_mut0p4_mixed_tk3_initheuristic_ga_low_mutation_0p4,hustack,hustack02,167,0.8186274509803921,167,167,0,44.9519434190006,VALID,40,5,0.85,0.4,ox,mixed
Pure GA Timetabling,pop40_elite5_cx0p85_ox_mut0p4_mixed_tk3_initheuristic_ga_low_mutation_0p4,hustack,hustack03,37,0.9487179487179488,37,37,0,19.96852379099801,VALID,40,5,0.85,0.4,ox,mixed
Pure GA Timetabling,pop40_elite5_cx0p85_ox_mut0p4_mixed_tk3_initheuristic_ga_low_mutation_0p4,hustack,hustack04,227,0.7643097643097643,227,227,0,45.002490701997885,VALID,40,5,0.85,0.4,ox,mixed
Pure GA Timetabling,pop40_elite5_cx0p85_ox_mut0p4_mixed_tk3_initheuristic_ga_low_mutation_0p4,hustack,hustack05,318,0.8907563025210085,318,318,0,45.00528190399928,VALID,40,5,0.85,0.4,ox,mixed
Pure GA Timetabling,pop40_elite5_cx0p85_ox_mut0p4_mixed_tk3_initheuristic_ga_low_mutation_0p4,hustack,hustack06,69,0.8846153846153846,69,69,0,19.960819658001128,VALID,40,5,0.85,0.4,ox,mixed
Pure GA Timetabling,pop40_elite5_cx0p85_ox_mut0p4_mixed_tk3_initheuristic_ga_low_mutation_0p4,hustack,hustack07,200,0.8264462809917356,200,200,0,45.004882446999545,VALID,40,5,0.85,0.4,ox,mixed
Pure GA Timetabling,pop40_elite5_cx0p85_ox_mut0p4_mixed_tk3_initheuristic_ga_low_mutation_0p4,hustack,hustack08,148,0.8809523809523809,146,148,2,20.0027623820024,VALID,40,5,0.85,0.4,ox,mixed
Pure GA Timetabling,pop40_elite5_cx0p85_ox_mut0p4_mixed_tk3_initheuristic_ga_low_mutation_0p4,hustack,hustack09,284,0.8685015290519877,283,284,1,45.00608030100193,VALID,40,5,0.85,0.4,ox,mixed
Pure GA Timetabling,pop40_elite5_cx0p85_ox_mut0p4_mixed_tk3_initheuristic_ga_low_mutation_0p4,hustack,hustack10,12,1.0,12,12,0,0.0001408620009897,VALID,40,5,0.85,0.4,ox,mixed
Pure GA Timetabling,pop40_elite5_cx0p85_ox_mut0p4_mixed_tk3_initrandom_r_low_mutation_0p4,Adversarial,Adversarial_20_30_10,156,0.78,157,156,-1,20.00310439699996,VALID,40,5,0.85,0.4,ox,mixed
Pure GA Timetabling,pop40_elite5_cx0p85_ox_mut0p4_mixed_tk3_initrandom_r_low_mutation_0p4,Adversarial,Adversarial_50_75_20,490,0.6533333333333333,493,490,-3,90.02229558899995,VALID,40,5,0.85,0.4,ox,mixed
Pure GA Timetabling,pop40_elite5_cx0p85_ox_mut0p4_mixed_tk3_initrandom_r_low_mutation_0p4,Adversarial,Adversarial_80_120_32,1066,0.8883333333333333,1064,1066,2,180.02010040599993,VALID,40,5,0.85,0.4,ox,mixed
Pure GA Timetabling,pop40_elite5_cx0p85_ox_mut0p4_mixed_tk3_initrandom_r_low_mutation_0p4,Adversarial,Adversarial_100_150_40,1386,0.924,1390,1386,-4,180.03716994,VALID,40,5,0.85,0.4,ox,mixed
Pure GA Timetabling,pop40_elite5_cx0p85_ox_mut0p4_mixed_tk3_initrandom_r_low_mutation_0p4,Adversarial,Adversarial_150_225_60,2005,0.8911111111111111,2022,2005,-17,360.053220461,VALID,40,5,0.85,0.4,ox,mixed
Pure GA Timetabling,pop40_elite5_cx0p85_ox_mut0p4_mixed_tk3_initrandom_r_low_mutation_0p4,Adversarial,Adversarial_200_300_80,2664,0.888,2681,2664,-17,360.05391709700007,VALID,40,5,0.85,0.4,ox,mixed
Pure GA Timetabling,pop40_elite5_cx0p85_ox_mut0p4_mixed_tk3_initrandom_r_low_mutation_0p4,Adversarial,Adversarial_300_450_120,3907,0.8682222222222222,3924,3907,-17,360.077435752,VALID,40,5,0.85,0.4,ox,mixed
Pure GA Timetabling,pop40_elite5_cx0p85_ox_mut0p4_mixed_tk3_initrandom_r_low_mutation_0p4,Adversarial,Adversarial_500_750_200,6570,0.8761168155754101,6630,6570,-60,600.0769934930001,VALID,40,5,0.85,0.4,ox,mixed
Pure GA Timetabling,pop40_elite5_cx0p85_ox_mut0p4_mixed_tk3_initrandom_r_low_mutation_0p4,Adversarial,Adversarial_800_1200_320,10522,0.8768333333333334,10608,10522,-86,900.1439705809998,VALID,40,5,0.85,0.4,ox,mixed
Pure GA Timetabling,pop40_elite5_cx0p85_ox_mut0p4_mixed_tk3_initrandom_r_low_mutation_0p4,Adversarial,Adversarial_1000_1500_400,13126,0.8750666666666667,13211,13126,-85,900.8607188339996,VALID,40,5,0.85,0.4,ox,mixed
Pure GA Timetabling,pop40_elite5_cx0p85_ox_mut0p4_mixed_tk3_initrandom_r_low_mutation_0p4,Exponential,Exponential_20_30_10,187,0.935,188,187,-1,20.00418085900037,VALID,40,5,0.85,0.4,ox,mixed
Pure GA Timetabling,pop40_elite5_cx0p85_ox_mut0p4_mixed_tk3_initrandom_r_low_mutation_0p4,Exponential,Exponential_50_75_20,368,0.4906666666666666,376,368,-8,90.01260976699996,VALID,40,5,0.85,0.4,ox,mixed
Pure GA Timetabling,pop40_elite5_cx0p85_ox_mut0p4_mixed_tk3_initrandom_r_low_mutation_0p4,Exponential,Exponential_80_120_32,745,0.6208333333333333,760,745,-15,180.01544117699996,VALID,40,5,0.85,0.4,ox,mixed
Pure GA Timetabling,pop40_elite5_cx0p85_ox_mut0p4_mixed_tk3_initrandom_r_low_mutation_0p4,Exponential,Exponential_100_150_40,1120,0.7466666666666667,1112,1120,8,180.01643689499997,VALID,40,5,0.85,0.4,ox,mixed
Pure GA Timetabling,pop40_elite5_cx0p85_ox_mut0p4_mixed_tk3_initrandom_r_low_mutation_0p4,Exponential,Exponential_150_225_60,1931,0.8582222222222222,1936,1931,-5,360.056153816,VALID,40,5,0.85,0.4,ox,mixed
Pure GA Timetabling,pop40_elite5_cx0p85_ox_mut0p4_mixed_tk3_initrandom_r_low_mutation_0p4,Exponential,Exponential_200_300_80,2453,0.8176666666666667,2478,2453,-25,360.0278936279992,VALID,40,5,0.85,0.4,ox,mixed
Pure GA Timetabling,pop40_elite5_cx0p85_ox_mut0p4_mixed_tk3_initrandom_r_low_mutation_0p4,Exponential,Exponential_300_450_120,4004,0.8897777777777778,4030,4004,-26,360.1096477890005,VALID,40,5,0.85,0.4,ox,mixed
Pure GA Timetabling,pop40_elite5_cx0p85_ox_mut0p4_mixed_tk3_initrandom_r_low_mutation_0p4,Exponential,Exponential_500_750_200,6960,0.928,6993,6960,-33,600.1020990080006,VALID,40,5,0.85,0.4,ox,mixed
Pure GA Timetabling,pop40_elite5_cx0p85_ox_mut0p4_mixed_tk3_initrandom_r_low_mutation_0p4,Exponential,Exponential_800_1200_320,11396,0.9496666666666668,11450,11396,-54,900.64234158,VALID,40,5,0.85,0.4,ox,mixed
Pure GA Timetabling,pop40_elite5_cx0p85_ox_mut0p4_mixed_tk3_initrandom_r_low_mutation_0p4,Exponential,Exponential_1000_1500_400,14357,0.9571333333333332,14414,14357,-57,900.131233778,VALID,40,5,0.85,0.4,ox,mixed
Pure GA Timetabling,pop40_elite5_cx0p85_ox_mut0p4_mixed_tk3_initrandom_r_low_mutation_0p4,Gaussian,Gaussian_20_30_10,162,0.81,159,162,3,20.001939144000065,VALID,40,5,0.85,0.4,ox,mixed
Pure GA Timetabling,pop40_elite5_cx0p85_ox_mut0p4_mixed_tk3_initrandom_r_low_mutation_0p4,Gaussian,Gaussian_50_75_20,687,0.916,687,687,0,90.01878137699987,VALID,40,5,0.85,0.4,ox,mixed
Pure GA Timetabling,pop40_elite5_cx0p85_ox_mut0p4_mixed_tk3_initrandom_r_low_mutation_0p4,Gaussian,Gaussian_80_120_32,1156,0.9633333333333334,1151,1156,5,180.02242541000123,VALID,40,5,0.85,0.4,ox,mixed
Pure GA Timetabling,pop40_elite5_cx0p85_ox_mut0p4_mixed_tk3_initrandom_r_low_mutation_0p4,Gaussian,Gaussian_100_150_40,1450,0.9666666666666668,1432,1450,18,180.03921696600082,VALID,40,5,0.85,0.4,ox,mixed
Pure GA Timetabling,pop40_elite5_cx0p85_ox_mut0p4_mixed_tk3_initrandom_r_low_mutation_0p4,Gaussian,Gaussian_150_225_60,2192,0.9742222222222222,2171,2192,21,360.0552252340003,VALID,40,5,0.85,0.4,ox,mixed
Pure GA Timetabling,pop40_elite5_cx0p85_ox_mut0p4_mixed_tk3_initrandom_r_low_mutation_0p4,Gaussian,Gaussian_200_300_80,2929,0.9763333333333334,2904,2929,25,360.09403903599923,VALID,40,5,0.85,0.4,ox,mixed
Pure GA Timetabling,pop40_elite5_cx0p85_ox_mut0p4_mixed_tk3_initrandom_r_low_mutation_0p4,Gaussian,Gaussian_300_450_120,4388,0.9751111111111112,4363,4388,25,360.2004454420003,VALID,40,5,0.85,0.4,ox,mixed
Pure GA Timetabling,pop40_elite5_cx0p85_ox_mut0p4_mixed_tk3_initrandom_r_low_mutation_0p4,Gaussian,Gaussian_500_750_200,7409,0.9879983997866382,7400,7409,9,600.4801446439997,VALID,40,5,0.85,0.4,ox,mixed
Pure GA Timetabling,pop40_elite5_cx0p85_ox_mut0p4_mixed_tk3_initrandom_r_low_mutation_0p4,Gaussian,Gaussian_800_1200_320,11813,0.9844166666666668,11787,11813,26,901.5937112760002,VALID,40,5,0.85,0.4,ox,mixed
Pure GA Timetabling,pop40_elite5_cx0p85_ox_mut0p4_mixed_tk3_initrandom_r_low_mutation_0p4,Gaussian,Gaussian_1000_1500_400,14806,0.9870666666666666,14770,14806,36,901.6857688580004,VALID,40,5,0.85,0.4,ox,mixed
Pure GA Timetabling,pop40_elite5_cx0p85_ox_mut0p4_mixed_tk3_initrandom_r_low_mutation_0p4,Poisson,Poisson_20_30_10,146,0.73,140,146,6,20.003545315999872,VALID,40,5,0.85,0.4,ox,mixed
Pure GA Timetabling,pop40_elite5_cx0p85_ox_mut0p4_mixed_tk3_initrandom_r_low_mutation_0p4,Poisson,Poisson_50_75_20,617,0.8226666666666667,620,617,-3,90.01640099799988,VALID,40,5,0.85,0.4,ox,mixed
Pure GA Timetabling,pop40_elite5_cx0p85_ox_mut0p4_mixed_tk3_initrandom_r_low_mutation_0p4,Poisson,Poisson_80_120_32,1120,0.9333333333333332,1114,1120,6,180.00984601299933,VALID,40,5,0.85,0.4,ox,mixed
Pure GA Timetabling,pop40_elite5_cx0p85_ox_mut0p4_mixed_tk3_initrandom_r_low_mutation_0p4,Poisson,Poisson_100_150_40,1420,0.9466666666666668,1417,1420,3,180.01135614299892,VALID,40,5,0.85,0.4,ox,mixed
Pure GA Timetabling,pop40_elite5_cx0p85_ox_mut0p4_mixed_tk3_initrandom_r_low_mutation_0p4,Poisson,Poisson_150_225_60,2214,0.984,2213,2214,1,360.0188779559994,VALID,40,5,0.85,0.4,ox,mixed
Pure GA Timetabling,pop40_elite5_cx0p85_ox_mut0p4_mixed_tk3_initrandom_r_low_mutation_0p4,Poisson,Poisson_200_300_80,2951,0.9836666666666668,2932,2951,19,360.0917460520013,VALID,40,5,0.85,0.4,ox,mixed
Pure GA Timetabling,pop40_elite5_cx0p85_ox_mut0p4_mixed_tk3_initrandom_r_low_mutation_0p4,Poisson,Poisson_300_450_120,4470,0.9933333333333332,4449,4470,21,360.0382266329998,VALID,40,5,0.85,0.4,ox,mixed
Pure GA Timetabling,pop40_elite5_cx0p85_ox_mut0p4_mixed_tk3_initrandom_r_low_mutation_0p4,Poisson,Poisson_500_750_200,7323,0.9764,7312,7323,11,600.0796805059999,VALID,40,5,0.85,0.4,ox,mixed
Pure GA Timetabling,pop40_elite5_cx0p85_ox_mut0p4_mixed_tk3_initrandom_r_low_mutation_0p4,Poisson,Poisson_800_1200_320,11795,0.9829166666666668,11805,11795,-10,900.8006912720012,VALID,40,5,0.85,0.4,ox,mixed
Pure GA Timetabling,pop40_elite5_cx0p85_ox_mut0p4_mixed_tk3_initrandom_r_low_mutation_0p4,Poisson,Poisson_1000_1500_400,14636,0.975798386559104,14563,14636,73,901.1696935660002,VALID,40,5,0.85,0.4,ox,mixed
Pure GA Timetabling,pop40_elite5_cx0p85_ox_mut0p4_mixed_tk3_initrandom_r_low_mutation_0p4,Uniform,Uniform_20_30_10,189,0.945,184,189,5,20.00487612300094,VALID,40,5,0.85,0.4,ox,mixed
Pure GA Timetabling,pop40_elite5_cx0p85_ox_mut0p4_mixed_tk3_initrandom_r_low_mutation_0p4,Uniform,Uniform_50_75_20,641,0.8546666666666667,648,641,-7,90.00639337999928,VALID,40,5,0.85,0.4,ox,mixed
Pure GA Timetabling,pop40_elite5_cx0p85_ox_mut0p4_mixed_tk3_initrandom_r_low_mutation_0p4,Uniform,Uniform_80_120_32,1122,0.935,1126,1122,-4,180.02321984000082,VALID,40,5,0.85,0.4,ox,mixed
Pure GA Timetabling,pop40_elite5_cx0p85_ox_mut0p4_mixed_tk3_initrandom_r_low_mutation_0p4,Uniform,Uniform_100_150_40,1383,0.922,1386,1383,-3,180.0381687659974,VALID,40,5,0.85,0.4,ox,mixed
Pure GA Timetabling,pop40_elite5_cx0p85_ox_mut0p4_mixed_tk3_initrandom_r_low_mutation_0p4,Uniform,Uniform_150_225_60,2136,0.9493333333333334,2122,2136,14,360.0182325390015,VALID,40,5,0.85,0.4,ox,mixed
Pure GA Timetabling,pop40_elite5_cx0p85_ox_mut0p4_mixed_tk3_initrandom_r_low_mutation_0p4,Uniform,Uniform_200_300_80,2904,0.968,2877,2904,27,360.03790665499764,VALID,40,5,0.85,0.4,ox,mixed
Pure GA Timetabling,pop40_elite5_cx0p85_ox_mut0p4_mixed_tk3_initrandom_r_low_mutation_0p4,Uniform,Uniform_300_450_120,4276,0.9504334296510336,4277,4276,-1,360.18308193300254,VALID,40,5,0.85,0.4,ox,mixed
Pure GA Timetabling,pop40_elite5_cx0p85_ox_mut0p4_mixed_tk3_initrandom_r_low_mutation_0p4,Uniform,Uniform_500_750_200,7290,0.972,7262,7290,28,600.1736218860024,VALID,40,5,0.85,0.4,ox,mixed
Pure GA Timetabling,pop40_elite5_cx0p85_ox_mut0p4_mixed_tk3_initrandom_r_low_mutation_0p4,Uniform,Uniform_800_1200_320,11747,0.9789166666666668,11684,11747,63,900.5074052599994,VALID,40,5,0.85,0.4,ox,mixed
Pure GA Timetabling,pop40_elite5_cx0p85_ox_mut0p4_mixed_tk3_initrandom_r_low_mutation_0p4,Uniform,Uniform_1000_1500_400,14654,0.9769333333333332,14661,14654,-7,901.0457673359996,VALID,40,5,0.85,0.4,ox,mixed
Pure GA Timetabling,pop40_elite5_cx0p85_ox_mut0p4_mixed_tk3_initrandom_r_low_mutation_0p4,hustack,hustack01,169,0.9441340782122905,169,169,0,19.999523577000215,VALID,40,5,0.85,0.4,ox,mixed
Pure GA Timetabling,pop40_elite5_cx0p85_ox_mut0p4_mixed_tk3_initrandom_r_low_mutation_0p4,hustack,hustack02,167,0.8186274509803921,167,167,0,44.997349426001165,VALID,40,5,0.85,0.4,ox,mixed
Pure GA Timetabling,pop40_elite5_cx0p85_ox_mut0p4_mixed_tk3_initrandom_r_low_mutation_0p4,hustack,hustack03,37,0.9487179487179488,37,37,0,19.98005768400253,VALID,40,5,0.85,0.4,ox,mixed
Pure GA Timetabling,pop40_elite5_cx0p85_ox_mut0p4_mixed_tk3_initrandom_r_low_mutation_0p4,hustack,hustack04,227,0.7643097643097643,227,227,0,45.00514250800188,VALID,40,5,0.85,0.4,ox,mixed
Pure GA Timetabling,pop40_elite5_cx0p85_ox_mut0p4_mixed_tk3_initrandom_r_low_mutation_0p4,hustack,hustack05,318,0.8907563025210085,318,318,0,44.97773954599688,VALID,40,5,0.85,0.4,ox,mixed
Pure GA Timetabling,pop40_elite5_cx0p85_ox_mut0p4_mixed_tk3_initrandom_r_low_mutation_0p4,hustack,hustack06,69,0.8846153846153846,69,69,0,19.967873563997276,VALID,40,5,0.85,0.4,ox,mixed
Pure GA Timetabling,pop40_elite5_cx0p85_ox_mut0p4_mixed_tk3_initrandom_r_low_mutation_0p4,hustack,hustack07,200,0.8264462809917356,200,200,0,44.98300449599992,VALID,40,5,0.85,0.4,ox,mixed
Pure GA Timetabling,pop40_elite5_cx0p85_ox_mut0p4_mixed_tk3_initrandom_r_low_mutation_0p4,hustack,hustack08,148,0.8809523809523809,146,148,2,19.96916754100312,VALID,40,5,0.85,0.4,ox,mixed
Pure GA Timetabling,pop40_elite5_cx0p85_ox_mut0p4_mixed_tk3_initrandom_r_low_mutation_0p4,hustack,hustack09,284,0.8685015290519877,283,284,1,45.002771788000246,VALID,40,5,0.85,0.4,ox,mixed
Pure GA Timetabling,pop40_elite5_cx0p85_ox_mut0p4_mixed_tk3_initrandom_r_low_mutation_0p4,hustack,hustack10,12,1.0,12,12,0,19.95274345399957,VALID,40,5,0.85,0.4,ox,mixed
Pure GA Timetabling,pop40_elite5_cx0p85_ox_mut0p75_mixed_tk3_initheuristic_ga_base_ox_mixed,Adversarial,Adversarial_20_30_10,157,0.785,157,157,0,20.005030981999997,VALID,40,5,0.85,0.75,ox,mixed
Pure GA Timetabling,pop40_elite5_cx0p85_ox_mut0p75_mixed_tk3_initheuristic_ga_base_ox_mixed,Adversarial,Adversarial_50_75_20,493,0.6573333333333333,493,493,0,90.01926280100002,VALID,40,5,0.85,0.75,ox,mixed
Pure GA Timetabling,pop40_elite5_cx0p85_ox_mut0p75_mixed_tk3_initheuristic_ga_base_ox_mixed,Adversarial,Adversarial_80_120_32,1064,0.8866666666666667,1064,1064,0,180.01239835800004,VALID,40,5,0.85,0.75,ox,mixed
Pure GA Timetabling,pop40_elite5_cx0p85_ox_mut0p75_mixed_tk3_initheuristic_ga_base_ox_mixed,Adversarial,Adversarial_100_150_40,1390,0.9266666666666666,1390,1390,0,180.0358074840001,VALID,40,5,0.85,0.75,ox,mixed
Pure GA Timetabling,pop40_elite5_cx0p85_ox_mut0p75_mixed_tk3_initheuristic_ga_base_ox_mixed,Adversarial,Adversarial_150_225_60,2022,0.8986666666666666,2022,2022,0,360.0203581249999,VALID,40,5,0.85,0.75,ox,mixed
Pure GA Timetabling,pop40_elite5_cx0p85_ox_mut0p75_mixed_tk3_initheuristic_ga_base_ox_mixed,Adversarial,Adversarial_200_300_80,2681,0.8936666666666667,2681,2681,0,360.0366603089999,VALID,40,5,0.85,0.75,ox,mixed
Pure GA Timetabling,pop40_elite5_cx0p85_ox_mut0p75_mixed_tk3_initheuristic_ga_base_ox_mixed,Adversarial,Adversarial_300_450_120,3924,0.872,3924,3924,0,360.052974836,VALID,40,5,0.85,0.75,ox,mixed
Pure GA Timetabling,pop40_elite5_cx0p85_ox_mut0p75_mixed_tk3_initheuristic_ga_base_ox_mixed,Adversarial,Adversarial_500_750_200,6630,0.8841178823843179,6630,6630,0,600.0934912849998,VALID,40,5,0.85,0.75,ox,mixed
Pure GA Timetabling,pop40_elite5_cx0p85_ox_mut0p75_mixed_tk3_initheuristic_ga_base_ox_mixed,Adversarial,Adversarial_800_1200_320,10608,0.884,10608,10608,0,900.156143706,VALID,40,5,0.85,0.75,ox,mixed
Pure GA Timetabling,pop40_elite5_cx0p85_ox_mut0p75_mixed_tk3_initheuristic_ga_base_ox_mixed,Adversarial,Adversarial_1000_1500_400,13211,0.8807333333333334,13211,13211,0,900.6129879350001,VALID,40,5,0.85,0.75,ox,mixed
Pure GA Timetabling,pop40_elite5_cx0p85_ox_mut0p75_mixed_tk3_initheuristic_ga_base_ox_mixed,Exponential,Exponential_20_30_10,188,0.94,188,188,0,19.98982221499955,VALID,40,5,0.85,0.75,ox,mixed
Pure GA Timetabling,pop40_elite5_cx0p85_ox_mut0p75_mixed_tk3_initheuristic_ga_base_ox_mixed,Exponential,Exponential_50_75_20,376,0.5013333333333333,376,376,0,90.01599212300061,VALID,40,5,0.85,0.75,ox,mixed
Pure GA Timetabling,pop40_elite5_cx0p85_ox_mut0p75_mixed_tk3_initheuristic_ga_base_ox_mixed,Exponential,Exponential_80_120_32,760,0.6333333333333333,760,760,0,180.02266077600052,VALID,40,5,0.85,0.75,ox,mixed
Pure GA Timetabling,pop40_elite5_cx0p85_ox_mut0p75_mixed_tk3_initheuristic_ga_base_ox_mixed,Exponential,Exponential_100_150_40,1121,0.7473333333333333,1112,1121,9,180.0315957849998,VALID,40,5,0.85,0.75,ox,mixed
Pure GA Timetabling,pop40_elite5_cx0p85_ox_mut0p75_mixed_tk3_initheuristic_ga_base_ox_mixed,Exponential,Exponential_150_225_60,1936,0.8604444444444445,1936,1936,0,360.04026611599966,VALID,40,5,0.85,0.75,ox,mixed
Pure GA Timetabling,pop40_elite5_cx0p85_ox_mut0p75_mixed_tk3_initheuristic_ga_base_ox_mixed,Exponential,Exponential_200_300_80,2478,0.826,2478,2478,0,360.0327662999998,VALID,40,5,0.85,0.75,ox,mixed
Pure GA Timetabling,pop40_elite5_cx0p85_ox_mut0p75_mixed_tk3_initheuristic_ga_base_ox_mixed,Exponential,Exponential_300_450_120,4030,0.8955555555555555,4030,4030,0,360.0809795770001,VALID,40,5,0.85,0.75,ox,mixed
Pure GA Timetabling,pop40_elite5_cx0p85_ox_mut0p75_mixed_tk3_initheuristic_ga_base_ox_mixed,Exponential,Exponential_500_750_200,6993,0.9324,6993,6993,0,600.2148635629992,VALID,40,5,0.85,0.75,ox,mixed
Pure GA Timetabling,pop40_elite5_cx0p85_ox_mut0p75_mixed_tk3_initheuristic_ga_base_ox_mixed,Exponential,Exponential_800_1200_320,11450,0.9541666666666668,11450,11450,0,900.6693924950005,VALID,40,5,0.85,0.75,ox,mixed
Pure GA Timetabling,pop40_elite5_cx0p85_ox_mut0p75_mixed_tk3_initheuristic_ga_base_ox_mixed,Exponential,Exponential_1000_1500_400,14414,0.9609333333333332,14414,14414,0,900.3349646430006,VALID,40,5,0.85,0.75,ox,mixed
Pure GA Timetabling,pop40_elite5_cx0p85_ox_mut0p75_mixed_tk3_initheuristic_ga_base_ox_mixed,Gaussian,Gaussian_20_30_10,162,0.81,159,162,3,19.96729148799932,VALID,40,5,0.85,0.75,ox,mixed
Pure GA Timetabling,pop40_elite5_cx0p85_ox_mut0p75_mixed_tk3_initheuristic_ga_base_ox_mixed,Gaussian,Gaussian_50_75_20,687,0.916,687,687,0,90.00836832099958,VALID,40,5,0.85,0.75,ox,mixed
Pure GA Timetabling,pop40_elite5_cx0p85_ox_mut0p75_mixed_tk3_initheuristic_ga_base_ox_mixed,Gaussian,Gaussian_80_120_32,1157,0.9641666666666666,1151,1157,6,180.01176993400077,VALID,40,5,0.85,0.75,ox,mixed
Pure GA Timetabling,pop40_elite5_cx0p85_ox_mut0p75_mixed_tk3_initheuristic_ga_base_ox_mixed,Gaussian,Gaussian_100_150_40,1437,0.958,1432,1437,5,180.02643413999976,VALID,40,5,0.85,0.75,ox,mixed
Pure GA Timetabling,pop40_elite5_cx0p85_ox_mut0p75_mixed_tk3_initheuristic_ga_base_ox_mixed,Gaussian,Gaussian_150_225_60,2195,0.9755555555555556,2171,2195,24,360.0624325440004,VALID,40,5,0.85,0.75,ox,mixed
Pure GA Timetabling,pop40_elite5_cx0p85_ox_mut0p75_mixed_tk3_initheuristic_ga_base_ox_mixed,Gaussian,Gaussian_200_300_80,2925,0.975,2904,2925,21,360.0504950750001,VALID,40,5,0.85,0.75,ox,mixed
Pure GA Timetabling,pop40_elite5_cx0p85_ox_mut0p75_mixed_tk3_initheuristic_ga_base_ox_mixed,Gaussian,Gaussian_300_450_120,4378,0.9728888888888888,4363,4378,15,360.0544654080004,VALID,40,5,0.85,0.75,ox,mixed
Pure GA Timetabling,pop40_elite5_cx0p85_ox_mut0p75_mixed_tk3_initheuristic_ga_base_ox_mixed,Gaussian,Gaussian_500_750_200,7410,0.98813175090012,7400,7410,10,600.0532764679992,VALID,40,5,0.85,0.75,ox,mixed
Pure GA Timetabling,pop40_elite5_cx0p85_ox_mut0p75_mixed_tk3_initheuristic_ga_base_ox_mixed,Gaussian,Gaussian_800_1200_320,11804,0.9836666666666668,11787,11804,17,900.2652810360014,VALID,40,5,0.85,0.75,ox,mixed
Pure GA Timetabling,pop40_elite5_cx0p85_ox_mut0p75_mixed_tk3_initheuristic_ga_base_ox_mixed,Gaussian,Gaussian_1000_1500_400,14801,0.9867333333333334,14770,14801,31,901.486282901,VALID,40,5,0.85,0.75,ox,mixed
Pure GA Timetabling,pop40_elite5_cx0p85_ox_mut0p75_mixed_tk3_initheuristic_ga_base_ox_mixed,Poisson,Poisson_20_30_10,144,0.72,140,144,4,20.00469941099982,VALID,40,5,0.85,0.75,ox,mixed
Pure GA Timetabling,pop40_elite5_cx0p85_ox_mut0p75_mixed_tk3_initheuristic_ga_base_ox_mixed,Poisson,Poisson_50_75_20,620,0.8266666666666667,620,620,0,89.99161176400048,VALID,40,5,0.85,0.75,ox,mixed
Pure GA Timetabling,pop40_elite5_cx0p85_ox_mut0p75_mixed_tk3_initheuristic_ga_base_ox_mixed,Poisson,Poisson_80_120_32,1121,0.9341666666666668,1114,1121,7,180.00756094499957,VALID,40,5,0.85,0.75,ox,mixed
Pure GA Timetabling,pop40_elite5_cx0p85_ox_mut0p75_mixed_tk3_initheuristic_ga_base_ox_mixed,Poisson,Poisson_100_150_40,1417,0.9446666666666668,1417,1417,0,180.01772711800004,VALID,40,5,0.85,0.75,ox,mixed
Pure GA Timetabling,pop40_elite5_cx0p85_ox_mut0p75_mixed_tk3_initheuristic_ga_base_ox_mixed,Poisson,Poisson_150_225_60,2216,0.9848888888888888,2213,2216,3,360.01753763000124,VALID,40,5,0.85,0.75,ox,mixed
Pure GA Timetabling,pop40_elite5_cx0p85_ox_mut0p75_mixed_tk3_initheuristic_ga_base_ox_mixed,Poisson,Poisson_200_300_80,2957,0.9856666666666668,2932,2957,25,360.069167611,VALID,40,5,0.85,0.75,ox,mixed
Pure GA Timetabling,pop40_elite5_cx0p85_ox_mut0p75_mixed_tk3_initheuristic_ga_base_ox_mixed,Poisson,Poisson_300_450_120,4471,0.9935555555555556,4449,4471,22,360.052741083,VALID,40,5,0.85,0.75,ox,mixed
Pure GA Timetabling,pop40_elite5_cx0p85_ox_mut0p75_mixed_tk3_initheuristic_ga_base_ox_mixed,Poisson,Poisson_500_750_200,7319,0.9758666666666668,7312,7319,7,600.114558117999,VALID,40,5,0.85,0.75,ox,mixed
Pure GA Timetabling,pop40_elite5_cx0p85_ox_mut0p75_mixed_tk3_initheuristic_ga_base_ox_mixed,Poisson,Poisson_800_1200_320,11805,0.98375,11805,11805,0,900.7052639119993,VALID,40,5,0.85,0.75,ox,mixed
Pure GA Timetabling,pop40_elite5_cx0p85_ox_mut0p75_mixed_tk3_initheuristic_ga_base_ox_mixed,Poisson,Poisson_1000_1500_400,14619,0.9746649776651776,14563,14619,56,900.612826519,VALID,40,5,0.85,0.75,ox,mixed
Pure GA Timetabling,pop40_elite5_cx0p85_ox_mut0p75_mixed_tk3_initheuristic_ga_base_ox_mixed,Uniform,Uniform_20_30_10,189,0.945,184,189,5,20.004349986000307,VALID,40,5,0.85,0.75,ox,mixed
Pure GA Timetabling,pop40_elite5_cx0p85_ox_mut0p75_mixed_tk3_initheuristic_ga_base_ox_mixed,Uniform,Uniform_50_75_20,648,0.864,648,648,0,90.00934800599862,VALID,40,5,0.85,0.75,ox,mixed
Pure GA Timetabling,pop40_elite5_cx0p85_ox_mut0p75_mixed_tk3_initheuristic_ga_base_ox_mixed,Uniform,Uniform_80_120_32,1126,0.9383333333333334,1126,1126,0,180.02341171800072,VALID,40,5,0.85,0.75,ox,mixed
Pure GA Timetabling,pop40_elite5_cx0p85_ox_mut0p75_mixed_tk3_initheuristic_ga_base_ox_mixed,Uniform,Uniform_100_150_40,1386,0.924,1386,1386,0,180.04065598799934,VALID,40,5,0.85,0.75,ox,mixed
Pure GA Timetabling,pop40_elite5_cx0p85_ox_mut0p75_mixed_tk3_initheuristic_ga_base_ox_mixed,Uniform,Uniform_150_225_60,2141,0.9515555555555556,2122,2141,19,360.0325755769991,VALID,40,5,0.85,0.75,ox,mixed
Pure GA Timetabling,pop40_elite5_cx0p85_ox_mut0p75_mixed_tk3_initheuristic_ga_base_ox_mixed,Uniform,Uniform_200_300_80,2909,0.9696666666666668,2877,2909,32,360.02365782500056,VALID,40,5,0.85,0.75,ox,mixed
Pure GA Timetabling,pop40_elite5_cx0p85_ox_mut0p75_mixed_tk3_initheuristic_ga_base_ox_mixed,Uniform,Uniform_300_450_120,4279,0.9511002444987776,4277,4279,2,360.15913664899927,VALID,40,5,0.85,0.75,ox,mixed
Pure GA Timetabling,pop40_elite5_cx0p85_ox_mut0p75_mixed_tk3_initheuristic_ga_base_ox_mixed,Uniform,Uniform_500_750_200,7292,0.9722666666666666,7262,7292,30,600.2215540119978,VALID,40,5,0.85,0.75,ox,mixed
Pure GA Timetabling,pop40_elite5_cx0p85_ox_mut0p75_mixed_tk3_initheuristic_ga_base_ox_mixed,Uniform,Uniform_800_1200_320,11760,0.98,11684,11760,76,901.091544166,VALID,40,5,0.85,0.75,ox,mixed
Pure GA Timetabling,pop40_elite5_cx0p85_ox_mut0p75_mixed_tk3_initheuristic_ga_base_ox_mixed,Uniform,Uniform_1000_1500_400,14661,0.9774,14661,14661,0,902.8449906269998,VALID,40,5,0.85,0.75,ox,mixed
Pure GA Timetabling,pop40_elite5_cx0p85_ox_mut0p75_mixed_tk3_initheuristic_ga_base_ox_mixed,hustack,hustack01,169,0.9441340782122905,169,169,0,19.976626985997427,VALID,40,5,0.85,0.75,ox,mixed
Pure GA Timetabling,pop40_elite5_cx0p85_ox_mut0p75_mixed_tk3_initheuristic_ga_base_ox_mixed,hustack,hustack02,167,0.8186274509803921,167,167,0,45.00015350000103,VALID,40,5,0.85,0.75,ox,mixed
Pure GA Timetabling,pop40_elite5_cx0p85_ox_mut0p75_mixed_tk3_initheuristic_ga_base_ox_mixed,hustack,hustack03,37,0.9487179487179488,37,37,0,19.96320770099919,VALID,40,5,0.85,0.75,ox,mixed
Pure GA Timetabling,pop40_elite5_cx0p85_ox_mut0p75_mixed_tk3_initheuristic_ga_base_ox_mixed,hustack,hustack04,227,0.7643097643097643,227,227,0,44.98831655899994,VALID,40,5,0.85,0.75,ox,mixed
Pure GA Timetabling,pop40_elite5_cx0p85_ox_mut0p75_mixed_tk3_initheuristic_ga_base_ox_mixed,hustack,hustack05,318,0.8907563025210085,318,318,0,45.00401241900181,VALID,40,5,0.85,0.75,ox,mixed
Pure GA Timetabling,pop40_elite5_cx0p85_ox_mut0p75_mixed_tk3_initheuristic_ga_base_ox_mixed,hustack,hustack06,69,0.8846153846153846,69,69,0,19.962081356999988,VALID,40,5,0.85,0.75,ox,mixed
Pure GA Timetabling,pop40_elite5_cx0p85_ox_mut0p75_mixed_tk3_initheuristic_ga_base_ox_mixed,hustack,hustack07,200,0.8264462809917356,200,200,0,44.964076388998365,VALID,40,5,0.85,0.75,ox,mixed
Pure GA Timetabling,pop40_elite5_cx0p85_ox_mut0p75_mixed_tk3_initheuristic_ga_base_ox_mixed,hustack,hustack08,148,0.8809523809523809,146,148,2,19.9791780609994,VALID,40,5,0.85,0.75,ox,mixed
Pure GA Timetabling,pop40_elite5_cx0p85_ox_mut0p75_mixed_tk3_initheuristic_ga_base_ox_mixed,hustack,hustack09,284,0.8685015290519877,283,284,1,45.004633462998754,VALID,40,5,0.85,0.75,ox,mixed
Pure GA Timetabling,pop40_elite5_cx0p85_ox_mut0p75_mixed_tk3_initheuristic_ga_base_ox_mixed,hustack,hustack10,12,1.0,12,12,0,0.0001541479978186,VALID,40,5,0.85,0.75,ox,mixed
Pure GA Timetabling,pop40_elite5_cx0p85_ox_mut0p75_mixed_tk3_initrandom_r_base_ox_mixed,Adversarial,Adversarial_20_30_10,157,0.785,157,157,0,19.97861077999994,VALID,40,5,0.85,0.75,ox,mixed
Pure GA Timetabling,pop40_elite5_cx0p85_ox_mut0p75_mixed_tk3_initrandom_r_base_ox_mixed,Adversarial,Adversarial_50_75_20,490,0.6533333333333333,493,490,-3,90.02413964999994,VALID,40,5,0.85,0.75,ox,mixed
Pure GA Timetabling,pop40_elite5_cx0p85_ox_mut0p75_mixed_tk3_initrandom_r_base_ox_mixed,Adversarial,Adversarial_80_120_32,1064,0.8866666666666667,1064,1064,0,180.04230873699998,VALID,40,5,0.85,0.75,ox,mixed
Pure GA Timetabling,pop40_elite5_cx0p85_ox_mut0p75_mixed_tk3_initrandom_r_base_ox_mixed,Adversarial,Adversarial_100_150_40,1388,0.9253333333333332,1390,1388,-2,180.0161635610001,VALID,40,5,0.85,0.75,ox,mixed
Pure GA Timetabling,pop40_elite5_cx0p85_ox_mut0p75_mixed_tk3_initrandom_r_base_ox_mixed,Adversarial,Adversarial_150_225_60,2008,0.8924444444444445,2022,2008,-14,360.05753356700006,VALID,40,5,0.85,0.75,ox,mixed
Pure GA Timetabling,pop40_elite5_cx0p85_ox_mut0p75_mixed_tk3_initrandom_r_base_ox_mixed,Adversarial,Adversarial_200_300_80,2671,0.8903333333333333,2681,2671,-10,360.0496797200001,VALID,40,5,0.85,0.75,ox,mixed
Pure GA Timetabling,pop40_elite5_cx0p85_ox_mut0p75_mixed_tk3_initrandom_r_base_ox_mixed,Adversarial,Adversarial_300_450_120,3898,0.8662222222222222,3924,3898,-26,360.08323025699974,VALID,40,5,0.85,0.75,ox,mixed
Pure GA Timetabling,pop40_elite5_cx0p85_ox_mut0p75_mixed_tk3_initrandom_r_base_ox_mixed,Adversarial,Adversarial_500_750_200,6581,0.8775836778237098,6630,6581,-49,600.3696486000003,VALID,40,5,0.85,0.75,ox,mixed
Pure GA Timetabling,pop40_elite5_cx0p85_ox_mut0p75_mixed_tk3_initrandom_r_base_ox_mixed,Adversarial,Adversarial_800_1200_320,10530,0.8775,10608,10530,-78,900.2617927230003,VALID,40,5,0.85,0.75,ox,mixed
Pure GA Timetabling,pop40_elite5_cx0p85_ox_mut0p75_mixed_tk3_initrandom_r_base_ox_mixed,Adversarial,Adversarial_1000_1500_400,13129,0.8752666666666666,13211,13129,-82,901.0387724690004,VALID,40,5,0.85,0.75,ox,mixed
Pure GA Timetabling,pop40_elite5_cx0p85_ox_mut0p75_mixed_tk3_initrandom_r_base_ox_mixed,Exponential,Exponential_20_30_10,186,0.93,188,186,-2,20.00455122800031,VALID,40,5,0.85,0.75,ox,mixed
Pure GA Timetabling,pop40_elite5_cx0p85_ox_mut0p75_mixed_tk3_initrandom_r_base_ox_mixed,Exponential,Exponential_50_75_20,369,0.492,376,369,-7,90.00577691099988,VALID,40,5,0.85,0.75,ox,mixed
Pure GA Timetabling,pop40_elite5_cx0p85_ox_mut0p75_mixed_tk3_initrandom_r_base_ox_mixed,Exponential,Exponential_80_120_32,746,0.6216666666666667,760,746,-14,180.03075209899998,VALID,40,5,0.85,0.75,ox,mixed
Pure GA Timetabling,pop40_elite5_cx0p85_ox_mut0p75_mixed_tk3_initrandom_r_base_ox_mixed,Exponential,Exponential_100_150_40,1123,0.7486666666666667,1112,1123,11,180.02636220299974,VALID,40,5,0.85,0.75,ox,mixed
Pure GA Timetabling,pop40_elite5_cx0p85_ox_mut0p75_mixed_tk3_initrandom_r_base_ox_mixed,Exponential,Exponential_150_225_60,1928,0.8568888888888889,1936,1928,-8,360.0566196999998,VALID,40,5,0.85,0.75,ox,mixed
Pure GA Timetabling,pop40_elite5_cx0p85_ox_mut0p75_mixed_tk3_initrandom_r_base_ox_mixed,Exponential,Exponential_200_300_80,2456,0.8186666666666667,2478,2456,-22,360.0190578490001,VALID,40,5,0.85,0.75,ox,mixed
Pure GA Timetabling,pop40_elite5_cx0p85_ox_mut0p75_mixed_tk3_initrandom_r_base_ox_mixed,Exponential,Exponential_300_450_120,4001,0.8891111111111111,4030,4001,-29,360.06509603000086,VALID,40,5,0.85,0.75,ox,mixed
Pure GA Timetabling,pop40_elite5_cx0p85_ox_mut0p75_mixed_tk3_initrandom_r_base_ox_mixed,Exponential,Exponential_500_750_200,6975,0.93,6993,6975,-18,600.313800031,VALID,40,5,0.85,0.75,ox,mixed
Pure GA Timetabling,pop40_elite5_cx0p85_ox_mut0p75_mixed_tk3_initrandom_r_base_ox_mixed,Exponential,Exponential_800_1200_320,11396,0.9496666666666668,11450,11396,-54,900.4143433640002,VALID,40,5,0.85,0.75,ox,mixed
Pure GA Timetabling,pop40_elite5_cx0p85_ox_mut0p75_mixed_tk3_initrandom_r_base_ox_mixed,Exponential,Exponential_1000_1500_400,14389,0.9592666666666668,14414,14389,-25,900.9556596169996,VALID,40,5,0.85,0.75,ox,mixed
Pure GA Timetabling,pop40_elite5_cx0p85_ox_mut0p75_mixed_tk3_initrandom_r_base_ox_mixed,Gaussian,Gaussian_20_30_10,162,0.81,159,162,3,19.96307619400068,VALID,40,5,0.85,0.75,ox,mixed
Pure GA Timetabling,pop40_elite5_cx0p85_ox_mut0p75_mixed_tk3_initrandom_r_base_ox_mixed,Gaussian,Gaussian_50_75_20,687,0.916,687,687,0,90.02157435799927,VALID,40,5,0.85,0.75,ox,mixed
Pure GA Timetabling,pop40_elite5_cx0p85_ox_mut0p75_mixed_tk3_initrandom_r_base_ox_mixed,Gaussian,Gaussian_80_120_32,1157,0.9641666666666666,1151,1157,6,180.02455905399984,VALID,40,5,0.85,0.75,ox,mixed
Pure GA Timetabling,pop40_elite5_cx0p85_ox_mut0p75_mixed_tk3_initrandom_r_base_ox_mixed,Gaussian,Gaussian_100_150_40,1439,0.9593333333333334,1432,1439,7,179.99592959899928,VALID,40,5,0.85,0.75,ox,mixed
Pure GA Timetabling,pop40_elite5_cx0p85_ox_mut0p75_mixed_tk3_initrandom_r_base_ox_mixed,Gaussian,Gaussian_150_225_60,2191,0.9737777777777776,2171,2191,20,360.015690137001,VALID,40,5,0.85,0.75,ox,mixed
Pure GA Timetabling,pop40_elite5_cx0p85_ox_mut0p75_mixed_tk3_initrandom_r_base_ox_mixed,Gaussian,Gaussian_200_300_80,2922,0.974,2904,2922,18,360.0430197810001,VALID,40,5,0.85,0.75,ox,mixed
Pure GA Timetabling,pop40_elite5_cx0p85_ox_mut0p75_mixed_tk3_initrandom_r_base_ox_mixed,Gaussian,Gaussian_300_450_120,4388,0.9751111111111112,4363,4388,25,360.0502265560008,VALID,40,5,0.85,0.75,ox,mixed
Pure GA Timetabling,pop40_elite5_cx0p85_ox_mut0p75_mixed_tk3_initrandom_r_base_ox_mixed,Gaussian,Gaussian_500_750_200,7409,0.9879983997866382,7400,7409,9,600.2706233900008,VALID,40,5,0.85,0.75,ox,mixed
Pure GA Timetabling,pop40_elite5_cx0p85_ox_mut0p75_mixed_tk3_initrandom_r_base_ox_mixed,Gaussian,Gaussian_800_1200_320,11811,0.98425,11787,11811,24,901.7463590749994,VALID,40,5,0.85,0.75,ox,mixed
Pure GA Timetabling,pop40_elite5_cx0p85_ox_mut0p75_mixed_tk3_initrandom_r_base_ox_mixed,Gaussian,Gaussian_1000_1500_400,14801,0.9867333333333334,14770,14801,31,902.0741992850016,VALID,40,5,0.85,0.75,ox,mixed
Pure GA Timetabling,pop40_elite5_cx0p85_ox_mut0p75_mixed_tk3_initrandom_r_base_ox_mixed,Poisson,Poisson_20_30_10,145,0.725,140,145,5,20.00362007500007,VALID,40,5,0.85,0.75,ox,mixed
Pure GA Timetabling,pop40_elite5_cx0p85_ox_mut0p75_mixed_tk3_initrandom_r_base_ox_mixed,Poisson,Poisson_50_75_20,616,0.8213333333333334,620,616,-4,90.00755013400158,VALID,40,5,0.85,0.75,ox,mixed
Pure GA Timetabling,pop40_elite5_cx0p85_ox_mut0p75_mixed_tk3_initrandom_r_base_ox_mixed,Poisson,Poisson_80_120_32,1119,0.9325,1114,1119,5,180.01053764000062,VALID,40,5,0.85,0.75,ox,mixed
Pure GA Timetabling,pop40_elite5_cx0p85_ox_mut0p75_mixed_tk3_initrandom_r_base_ox_mixed,Poisson,Poisson_100_150_40,1415,0.9433333333333334,1417,1415,-2,180.028318132001,VALID,40,5,0.85,0.75,ox,mixed
Pure GA Timetabling,pop40_elite5_cx0p85_ox_mut0p75_mixed_tk3_initrandom_r_base_ox_mixed,Poisson,Poisson_150_225_60,2214,0.984,2213,2214,1,360.04725894699914,VALID,40,5,0.85,0.75,ox,mixed
Pure GA Timetabling,pop40_elite5_cx0p85_ox_mut0p75_mixed_tk3_initrandom_r_base_ox_mixed,Poisson,Poisson_200_300_80,2948,0.9826666666666668,2932,2948,16,360.0199523830015,VALID,40,5,0.85,0.75,ox,mixed
Pure GA Timetabling,pop40_elite5_cx0p85_ox_mut0p75_mixed_tk3_initrandom_r_base_ox_mixed,Poisson,Poisson_300_450_120,4471,0.9935555555555556,4449,4471,22,360.1744063140013,VALID,40,5,0.85,0.75,ox,mixed
Pure GA Timetabling,pop40_elite5_cx0p85_ox_mut0p75_mixed_tk3_initrandom_r_base_ox_mixed,Poisson,Poisson_500_750_200,7325,0.9766666666666668,7312,7325,13,600.0604840619999,VALID,40,5,0.85,0.75,ox,mixed
Pure GA Timetabling,pop40_elite5_cx0p85_ox_mut0p75_mixed_tk3_initrandom_r_base_ox_mixed,Poisson,Poisson_800_1200_320,11790,0.9825,11805,11790,-15,900.8127450020002,VALID,40,5,0.85,0.75,ox,mixed
Pure GA Timetabling,pop40_elite5_cx0p85_ox_mut0p75_mixed_tk3_initrandom_r_base_ox_mixed,Poisson,Poisson_1000_1500_400,14641,0.9761317421161412,14563,14641,78,900.4250409499982,VALID,40,5,0.85,0.75,ox,mixed
Pure GA Timetabling,pop40_elite5_cx0p85_ox_mut0p75_mixed_tk3_initrandom_r_base_ox_mixed,Uniform,Uniform_20_30_10,188,0.94,184,188,4,20.005106398999487,VALID,40,5,0.85,0.75,ox,mixed
Pure GA Timetabling,pop40_elite5_cx0p85_ox_mut0p75_mixed_tk3_initrandom_r_base_ox_mixed,Uniform,Uniform_50_75_20,641,0.8546666666666667,648,641,-7,90.012827767001,VALID,40,5,0.85,0.75,ox,mixed
Pure GA Timetabling,pop40_elite5_cx0p85_ox_mut0p75_mixed_tk3_initrandom_r_base_ox_mixed,Uniform,Uniform_80_120_32,1123,0.9358333333333332,1126,1123,-3,180.02053658300065,VALID,40,5,0.85,0.75,ox,mixed
Pure GA Timetabling,pop40_elite5_cx0p85_ox_mut0p75_mixed_tk3_initrandom_r_base_ox_mixed,Uniform,Uniform_100_150_40,1384,0.9226666666666666,1386,1384,-2,180.01624494600037,VALID,40,5,0.85,0.75,ox,mixed
Pure GA Timetabling,pop40_elite5_cx0p85_ox_mut0p75_mixed_tk3_initrandom_r_base_ox_mixed,Uniform,Uniform_150_225_60,2140,0.9511111111111112,2122,2140,18,360.0100121180003,VALID,40,5,0.85,0.75,ox,mixed
Pure GA Timetabling,pop40_elite5_cx0p85_ox_mut0p75_mixed_tk3_initrandom_r_base_ox_mixed,Uniform,Uniform_200_300_80,2905,0.9683333333333334,2877,2905,28,360.0557134080009,VALID,40,5,0.85,0.75,ox,mixed
Pure GA Timetabling,pop40_elite5_cx0p85_ox_mut0p75_mixed_tk3_initrandom_r_base_ox_mixed,Uniform,Uniform_300_450_120,4272,0.949544343187375,4277,4272,-5,360.0258368700015,VALID,40,5,0.85,0.75,ox,mixed
Pure GA Timetabling,pop40_elite5_cx0p85_ox_mut0p75_mixed_tk3_initrandom_r_base_ox_mixed,Uniform,Uniform_500_750_200,7289,0.9718666666666668,7262,7289,27,600.1940786859996,VALID,40,5,0.85,0.75,ox,mixed
Pure GA Timetabling,pop40_elite5_cx0p85_ox_mut0p75_mixed_tk3_initrandom_r_base_ox_mixed,Uniform,Uniform_800_1200_320,11754,0.9795,11684,11754,70,900.4050106989998,VALID,40,5,0.85,0.75,ox,mixed
Pure GA Timetabling,pop40_elite5_cx0p85_ox_mut0p75_mixed_tk3_initrandom_r_base_ox_mixed,Uniform,Uniform_1000_1500_400,14656,0.9770666666666666,14661,14656,-5,901.544493854999,VALID,40,5,0.85,0.75,ox,mixed
Pure GA Timetabling,pop40_elite5_cx0p85_ox_mut0p75_mixed_tk3_initrandom_r_base_ox_mixed,hustack,hustack01,169,0.9441340782122905,169,169,0,20.00317694700061,VALID,40,5,0.85,0.75,ox,mixed
Pure GA Timetabling,pop40_elite5_cx0p85_ox_mut0p75_mixed_tk3_initrandom_r_base_ox_mixed,hustack,hustack02,167,0.8186274509803921,167,167,0,44.96994529100266,VALID,40,5,0.85,0.75,ox,mixed
Pure GA Timetabling,pop40_elite5_cx0p85_ox_mut0p75_mixed_tk3_initrandom_r_base_ox_mixed,hustack,hustack03,37,0.9487179487179488,37,37,0,19.9553920699982,VALID,40,5,0.85,0.75,ox,mixed
Pure GA Timetabling,pop40_elite5_cx0p85_ox_mut0p75_mixed_tk3_initrandom_r_base_ox_mixed,hustack,hustack04,227,0.7643097643097643,227,227,0,45.00419092000084,VALID,40,5,0.85,0.75,ox,mixed
Pure GA Timetabling,pop40_elite5_cx0p85_ox_mut0p75_mixed_tk3_initrandom_r_base_ox_mixed,hustack,hustack05,318,0.8907563025210085,318,318,0,45.00555498799804,VALID,40,5,0.85,0.75,ox,mixed
Pure GA Timetabling,pop40_elite5_cx0p85_ox_mut0p75_mixed_tk3_initrandom_r_base_ox_mixed,hustack,hustack06,69,0.8846153846153846,69,69,0,19.990777889997844,VALID,40,5,0.85,0.75,ox,mixed
Pure GA Timetabling,pop40_elite5_cx0p85_ox_mut0p75_mixed_tk3_initrandom_r_base_ox_mixed,hustack,hustack07,200,0.8264462809917356,200,200,0,45.00532142599696,VALID,40,5,0.85,0.75,ox,mixed
Pure GA Timetabling,pop40_elite5_cx0p85_ox_mut0p75_mixed_tk3_initrandom_r_base_ox_mixed,hustack,hustack08,148,0.8809523809523809,146,148,2,20.00336438100203,VALID,40,5,0.85,0.75,ox,mixed
Pure GA Timetabling,pop40_elite5_cx0p85_ox_mut0p75_mixed_tk3_initrandom_r_base_ox_mixed,hustack,hustack09,284,0.8685015290519877,283,284,1,44.99216575099854,VALID,40,5,0.85,0.75,ox,mixed
Pure GA Timetabling,pop40_elite5_cx0p85_ox_mut0p75_mixed_tk3_initrandom_r_base_ox_mixed,hustack,hustack10,12,1.0,12,12,0,19.95418187299947,VALID,40,5,0.85,0.75,ox,mixed
Pure GA Timetabling,pop40_elite5_cx0p85_ox_mut0p9_mixed_tk3_initheuristic_ga_high_mutation_0p9,Adversarial,Adversarial_20_30_10,157,0.785,157,157,0,20.00215666599996,VALID,40,5,0.85,0.9,ox,mixed
Pure GA Timetabling,pop40_elite5_cx0p85_ox_mut0p9_mixed_tk3_initheuristic_ga_high_mutation_0p9,Adversarial,Adversarial_50_75_20,493,0.6573333333333333,493,493,0,90.02182923000004,VALID,40,5,0.85,0.9,ox,mixed
Pure GA Timetabling,pop40_elite5_cx0p85_ox_mut0p9_mixed_tk3_initheuristic_ga_high_mutation_0p9,Adversarial,Adversarial_80_120_32,1064,0.8866666666666667,1064,1064,0,180.03654652499995,VALID,40,5,0.85,0.9,ox,mixed
Pure GA Timetabling,pop40_elite5_cx0p85_ox_mut0p9_mixed_tk3_initheuristic_ga_high_mutation_0p9,Adversarial,Adversarial_100_150_40,1390,0.9266666666666666,1390,1390,0,180.0121337630001,VALID,40,5,0.85,0.9,ox,mixed
Pure GA Timetabling,pop40_elite5_cx0p85_ox_mut0p9_mixed_tk3_initheuristic_ga_high_mutation_0p9,Adversarial,Adversarial_150_225_60,2022,0.8986666666666666,2022,2022,0,360.0479374150001,VALID,40,5,0.85,0.9,ox,mixed
Pure GA Timetabling,pop40_elite5_cx0p85_ox_mut0p9_mixed_tk3_initheuristic_ga_high_mutation_0p9,Adversarial,Adversarial_200_300_80,2681,0.8936666666666667,2681,2681,0,360.0660646829999,VALID,40,5,0.85,0.9,ox,mixed
Pure GA Timetabling,pop40_elite5_cx0p85_ox_mut0p9_mixed_tk3_initheuristic_ga_high_mutation_0p9,Adversarial,Adversarial_300_450_120,3924,0.872,3924,3924,0,360.1275679329999,VALID,40,5,0.85,0.9,ox,mixed
Pure GA Timetabling,pop40_elite5_cx0p85_ox_mut0p9_mixed_tk3_initheuristic_ga_high_mutation_0p9,Adversarial,Adversarial_500_750_200,6630,0.8841178823843179,6630,6630,0,600.0533500659999,VALID,40,5,0.85,0.9,ox,mixed
Pure GA Timetabling,pop40_elite5_cx0p85_ox_mut0p9_mixed_tk3_initheuristic_ga_high_mutation_0p9,Adversarial,Adversarial_800_1200_320,10608,0.884,10608,10608,0,900.5803106180001,VALID,40,5,0.85,0.9,ox,mixed
Pure GA Timetabling,pop40_elite5_cx0p85_ox_mut0p9_mixed_tk3_initheuristic_ga_high_mutation_0p9,Adversarial,Adversarial_1000_1500_400,13211,0.8807333333333334,13211,13211,0,900.4683283289996,VALID,40,5,0.85,0.9,ox,mixed
Pure GA Timetabling,pop40_elite5_cx0p85_ox_mut0p9_mixed_tk3_initheuristic_ga_high_mutation_0p9,Exponential,Exponential_20_30_10,188,0.94,188,188,0,19.99229901000035,VALID,40,5,0.85,0.9,ox,mixed
Pure GA Timetabling,pop40_elite5_cx0p85_ox_mut0p9_mixed_tk3_initheuristic_ga_high_mutation_0p9,Exponential,Exponential_50_75_20,376,0.5013333333333333,376,376,0,90.01557997200052,VALID,40,5,0.85,0.9,ox,mixed
Pure GA Timetabling,pop40_elite5_cx0p85_ox_mut0p9_mixed_tk3_initheuristic_ga_high_mutation_0p9,Exponential,Exponential_80_120_32,760,0.6333333333333333,760,760,0,180.01864472099987,VALID,40,5,0.85,0.9,ox,mixed
Pure GA Timetabling,pop40_elite5_cx0p85_ox_mut0p9_mixed_tk3_initheuristic_ga_high_mutation_0p9,Exponential,Exponential_100_150_40,1122,0.748,1112,1122,10,180.0362781220001,VALID,40,5,0.85,0.9,ox,mixed
Pure GA Timetabling,pop40_elite5_cx0p85_ox_mut0p9_mixed_tk3_initheuristic_ga_high_mutation_0p9,Exponential,Exponential_150_225_60,1936,0.8604444444444445,1936,1936,0,360.0415083549997,VALID,40,5,0.85,0.9,ox,mixed
Pure GA Timetabling,pop40_elite5_cx0p85_ox_mut0p9_mixed_tk3_initheuristic_ga_high_mutation_0p9,Exponential,Exponential_200_300_80,2478,0.826,2478,2478,0,359.97979723000026,VALID,40,5,0.85,0.9,ox,mixed
Pure GA Timetabling,pop40_elite5_cx0p85_ox_mut0p9_mixed_tk3_initheuristic_ga_high_mutation_0p9,Exponential,Exponential_300_450_120,4030,0.8955555555555555,4030,4030,0,360.0334912069993,VALID,40,5,0.85,0.9,ox,mixed
Pure GA Timetabling,pop40_elite5_cx0p85_ox_mut0p9_mixed_tk3_initheuristic_ga_high_mutation_0p9,Exponential,Exponential_500_750_200,6993,0.9324,6993,6993,0,600.2673713479999,VALID,40,5,0.85,0.9,ox,mixed
Pure GA Timetabling,pop40_elite5_cx0p85_ox_mut0p9_mixed_tk3_initheuristic_ga_high_mutation_0p9,Exponential,Exponential_800_1200_320,11450,0.9541666666666668,11450,11450,0,900.096210576,VALID,40,5,0.85,0.9,ox,mixed
Pure GA Timetabling,pop40_elite5_cx0p85_ox_mut0p9_mixed_tk3_initheuristic_ga_high_mutation_0p9,Exponential,Exponential_1000_1500_400,14414,0.9609333333333332,14414,14414,0,900.1057939170005,VALID,40,5,0.85,0.9,ox,mixed
Pure GA Timetabling,pop40_elite5_cx0p85_ox_mut0p9_mixed_tk3_initheuristic_ga_high_mutation_0p9,Gaussian,Gaussian_20_30_10,164,0.82,159,164,5,19.9598112879994,VALID,40,5,0.85,0.9,ox,mixed
Pure GA Timetabling,pop40_elite5_cx0p85_ox_mut0p9_mixed_tk3_initheuristic_ga_high_mutation_0p9,Gaussian,Gaussian_50_75_20,687,0.916,687,687,0,90.01583876899895,VALID,40,5,0.85,0.9,ox,mixed
Pure GA Timetabling,pop40_elite5_cx0p85_ox_mut0p9_mixed_tk3_initheuristic_ga_high_mutation_0p9,Gaussian,Gaussian_80_120_32,1158,0.965,1151,1158,7,180.02864313200007,VALID,40,5,0.85,0.9,ox,mixed
Pure GA Timetabling,pop40_elite5_cx0p85_ox_mut0p9_mixed_tk3_initheuristic_ga_high_mutation_0p9,Gaussian,Gaussian_100_150_40,1440,0.96,1432,1440,8,180.02122065299957,VALID,40,5,0.85,0.9,ox,mixed
Pure GA Timetabling,pop40_elite5_cx0p85_ox_mut0p9_mixed_tk3_initheuristic_ga_high_mutation_0p9,Gaussian,Gaussian_150_225_60,2186,0.9715555555555556,2171,2186,15,360.0101093909998,VALID,40,5,0.85,0.9,ox,mixed
Pure GA Timetabling,pop40_elite5_cx0p85_ox_mut0p9_mixed_tk3_initheuristic_ga_high_mutation_0p9,Gaussian,Gaussian_200_300_80,2931,0.977,2904,2931,27,360.04270202099906,VALID,40,5,0.85,0.9,ox,mixed
Pure GA Timetabling,pop40_elite5_cx0p85_ox_mut0p9_mixed_tk3_initheuristic_ga_high_mutation_0p9,Gaussian,Gaussian_300_450_120,4386,0.9746666666666668,4363,4386,23,360.2439950280004,VALID,40,5,0.85,0.9,ox,mixed
Pure GA Timetabling,pop40_elite5_cx0p85_ox_mut0p9_mixed_tk3_initheuristic_ga_high_mutation_0p9,Gaussian,Gaussian_500_750_200,7416,0.9889318575810108,7400,7416,16,600.4803800219997,VALID,40,5,0.85,0.9,ox,mixed
Pure GA Timetabling,pop40_elite5_cx0p85_ox_mut0p9_mixed_tk3_initheuristic_ga_high_mutation_0p9,Gaussian,Gaussian_800_1200_320,11799,0.98325,11787,11799,12,900.936274968999,VALID,40,5,0.85,0.9,ox,mixed
Pure GA Timetabling,pop40_elite5_cx0p85_ox_mut0p9_mixed_tk3_initheuristic_ga_high_mutation_0p9,Gaussian,Gaussian_1000_1500_400,14800,0.9866666666666668,14770,14800,30,901.1312282589988,VALID,40,5,0.85,0.9,ox,mixed
Pure GA Timetabling,pop40_elite5_cx0p85_ox_mut0p9_mixed_tk3_initheuristic_ga_high_mutation_0p9,Poisson,Poisson_20_30_10,145,0.725,140,145,5,19.99081555700104,VALID,40,5,0.85,0.9,ox,mixed
Pure GA Timetabling,pop40_elite5_cx0p85_ox_mut0p9_mixed_tk3_initheuristic_ga_high_mutation_0p9,Poisson,Poisson_50_75_20,620,0.8266666666666667,620,620,0,90.01024392499858,VALID,40,5,0.85,0.9,ox,mixed
Pure GA Timetabling,pop40_elite5_cx0p85_ox_mut0p9_mixed_tk3_initheuristic_ga_high_mutation_0p9,Poisson,Poisson_80_120_32,1122,0.935,1114,1122,8,180.0148178649997,VALID,40,5,0.85,0.9,ox,mixed
Pure GA Timetabling,pop40_elite5_cx0p85_ox_mut0p9_mixed_tk3_initheuristic_ga_high_mutation_0p9,Poisson,Poisson_100_150_40,1417,0.9446666666666668,1417,1417,0,180.03224903000046,VALID,40,5,0.85,0.9,ox,mixed
Pure GA Timetabling,pop40_elite5_cx0p85_ox_mut0p9_mixed_tk3_initheuristic_ga_high_mutation_0p9,Poisson,Poisson_150_225_60,2214,0.984,2213,2214,1,360.03806207900016,VALID,40,5,0.85,0.9,ox,mixed
Pure GA Timetabling,pop40_elite5_cx0p85_ox_mut0p9_mixed_tk3_initheuristic_ga_high_mutation_0p9,Poisson,Poisson_200_300_80,2961,0.987,2932,2961,29,360.07722628900046,VALID,40,5,0.85,0.9,ox,mixed
Pure GA Timetabling,pop40_elite5_cx0p85_ox_mut0p9_mixed_tk3_initheuristic_ga_high_mutation_0p9,Poisson,Poisson_300_450_120,4476,0.9946666666666668,4449,4476,27,360.1180569220014,VALID,40,5,0.85,0.9,ox,mixed
Pure GA Timetabling,pop40_elite5_cx0p85_ox_mut0p9_mixed_tk3_initheuristic_ga_high_mutation_0p9,Poisson,Poisson_500_750_200,7323,0.9764,7312,7323,11,600.3114098860005,VALID,40,5,0.85,0.9,ox,mixed
Pure GA Timetabling,pop40_elite5_cx0p85_ox_mut0p9_mixed_tk3_initheuristic_ga_high_mutation_0p9,Poisson,Poisson_800_1200_320,11818,0.9848333333333332,11805,11818,13,900.393410992001,VALID,40,5,0.85,0.9,ox,mixed
Pure GA Timetabling,pop40_elite5_cx0p85_ox_mut0p9_mixed_tk3_initheuristic_ga_high_mutation_0p9,Poisson,Poisson_1000_1500_400,14620,0.9747316487765852,14563,14620,57,900.7477365639988,VALID,40,5,0.85,0.9,ox,mixed
Pure GA Timetabling,pop40_elite5_cx0p85_ox_mut0p9_mixed_tk3_initheuristic_ga_high_mutation_0p9,Uniform,Uniform_20_30_10,188,0.94,184,188,4,20.000781651999205,VALID,40,5,0.85,0.9,ox,mixed
Pure GA Timetabling,pop40_elite5_cx0p85_ox_mut0p9_mixed_tk3_initheuristic_ga_high_mutation_0p9,Uniform,Uniform_50_75_20,648,0.864,648,648,0,90.0129910479991,VALID,40,5,0.85,0.9,ox,mixed
Pure GA Timetabling,pop40_elite5_cx0p85_ox_mut0p9_mixed_tk3_initheuristic_ga_high_mutation_0p9,Uniform,Uniform_80_120_32,1126,0.9383333333333334,1126,1126,0,180.0130195089987,VALID,40,5,0.85,0.9,ox,mixed
Pure GA Timetabling,pop40_elite5_cx0p85_ox_mut0p9_mixed_tk3_initheuristic_ga_high_mutation_0p9,Uniform,Uniform_100_150_40,1386,0.924,1386,1386,0,180.01545450900085,VALID,40,5,0.85,0.9,ox,mixed
Pure GA Timetabling,pop40_elite5_cx0p85_ox_mut0p9_mixed_tk3_initheuristic_ga_high_mutation_0p9,Uniform,Uniform_150_225_60,2137,0.9497777777777778,2122,2137,15,359.99630124399846,VALID,40,5,0.85,0.9,ox,mixed
Pure GA Timetabling,pop40_elite5_cx0p85_ox_mut0p9_mixed_tk3_initheuristic_ga_high_mutation_0p9,Uniform,Uniform_200_300_80,2902,0.9673333333333334,2877,2902,25,360.03854665999825,VALID,40,5,0.85,0.9,ox,mixed
Pure GA Timetabling,pop40_elite5_cx0p85_ox_mut0p9_mixed_tk3_initheuristic_ga_high_mutation_0p9,Uniform,Uniform_300_450_120,4279,0.9511002444987776,4277,4279,2,360.0951142570011,VALID,40,5,0.85,0.9,ox,mixed
Pure GA Timetabling,pop40_elite5_cx0p85_ox_mut0p9_mixed_tk3_initheuristic_ga_high_mutation_0p9,Uniform,Uniform_500_750_200,7287,0.9716,7262,7287,25,600.497529622,VALID,40,5,0.85,0.9,ox,mixed
Pure GA Timetabling,pop40_elite5_cx0p85_ox_mut0p9_mixed_tk3_initheuristic_ga_high_mutation_0p9,Uniform,Uniform_800_1200_320,11758,0.9798333333333332,11684,11758,74,900.8695162619988,VALID,40,5,0.85,0.9,ox,mixed
Pure GA Timetabling,pop40_elite5_cx0p85_ox_mut0p9_mixed_tk3_initheuristic_ga_high_mutation_0p9,Uniform,Uniform_1000_1500_400,14661,0.9774,14661,14661,0,901.6885299070018,VALID,40,5,0.85,0.9,ox,mixed
Pure GA Timetabling,pop40_elite5_cx0p85_ox_mut0p9_mixed_tk3_initheuristic_ga_high_mutation_0p9,hustack,hustack01,169,0.9441340782122905,169,169,0,20.002289819,VALID,40,5,0.85,0.9,ox,mixed
Pure GA Timetabling,pop40_elite5_cx0p85_ox_mut0p9_mixed_tk3_initheuristic_ga_high_mutation_0p9,hustack,hustack02,167,0.8186274509803921,167,167,0,45.002448604001984,VALID,40,5,0.85,0.9,ox,mixed
Pure GA Timetabling,pop40_elite5_cx0p85_ox_mut0p9_mixed_tk3_initheuristic_ga_high_mutation_0p9,hustack,hustack03,37,0.9487179487179488,37,37,0,19.95885555299901,VALID,40,5,0.85,0.9,ox,mixed
Pure GA Timetabling,pop40_elite5_cx0p85_ox_mut0p9_mixed_tk3_initheuristic_ga_high_mutation_0p9,hustack,hustack04,227,0.7643097643097643,227,227,0,45.00437546399917,VALID,40,5,0.85,0.9,ox,mixed
Pure GA Timetabling,pop40_elite5_cx0p85_ox_mut0p9_mixed_tk3_initheuristic_ga_high_mutation_0p9,hustack,hustack05,318,0.8907563025210085,318,318,0,45.00376238699755,VALID,40,5,0.85,0.9,ox,mixed
Pure GA Timetabling,pop40_elite5_cx0p85_ox_mut0p9_mixed_tk3_initheuristic_ga_high_mutation_0p9,hustack,hustack06,69,0.8846153846153846,69,69,0,19.98607527400236,VALID,40,5,0.85,0.9,ox,mixed
Pure GA Timetabling,pop40_elite5_cx0p85_ox_mut0p9_mixed_tk3_initheuristic_ga_high_mutation_0p9,hustack,hustack07,200,0.8264462809917356,200,200,0,45.0041810340008,VALID,40,5,0.85,0.9,ox,mixed
Pure GA Timetabling,pop40_elite5_cx0p85_ox_mut0p9_mixed_tk3_initheuristic_ga_high_mutation_0p9,hustack,hustack08,148,0.8809523809523809,146,148,2,19.96851962499932,VALID,40,5,0.85,0.9,ox,mixed
Pure GA Timetabling,pop40_elite5_cx0p85_ox_mut0p9_mixed_tk3_initheuristic_ga_high_mutation_0p9,hustack,hustack09,284,0.8685015290519877,283,284,1,44.972063417000754,VALID,40,5,0.85,0.9,ox,mixed
Pure GA Timetabling,pop40_elite5_cx0p85_ox_mut0p9_mixed_tk3_initheuristic_ga_high_mutation_0p9,hustack,hustack10,12,1.0,12,12,0,0.0001485259999753,VALID,40,5,0.85,0.9,ox,mixed
Pure GA Timetabling,pop40_elite5_cx0p85_ox_mut0p9_mixed_tk3_initrandom_r_high_mutation_0p9,Adversarial,Adversarial_20_30_10,155,0.775,157,155,-2,20.004563848000004,VALID,40,5,0.85,0.9,ox,mixed
Pure GA Timetabling,pop40_elite5_cx0p85_ox_mut0p9_mixed_tk3_initrandom_r_high_mutation_0p9,Adversarial,Adversarial_50_75_20,491,0.6546666666666666,493,491,-2,89.97270276499998,VALID,40,5,0.85,0.9,ox,mixed
Pure GA Timetabling,pop40_elite5_cx0p85_ox_mut0p9_mixed_tk3_initrandom_r_high_mutation_0p9,Adversarial,Adversarial_80_120_32,1065,0.8875,1064,1065,1,180.01671606400004,VALID,40,5,0.85,0.9,ox,mixed
Pure GA Timetabling,pop40_elite5_cx0p85_ox_mut0p9_mixed_tk3_initrandom_r_high_mutation_0p9,Adversarial,Adversarial_100_150_40,1386,0.924,1390,1386,-4,180.008730065,VALID,40,5,0.85,0.9,ox,mixed
Pure GA Timetabling,pop40_elite5_cx0p85_ox_mut0p9_mixed_tk3_initrandom_r_high_mutation_0p9,Adversarial,Adversarial_150_225_60,2006,0.8915555555555555,2022,2006,-16,360.071494501,VALID,40,5,0.85,0.9,ox,mixed
Pure GA Timetabling,pop40_elite5_cx0p85_ox_mut0p9_mixed_tk3_initrandom_r_high_mutation_0p9,Adversarial,Adversarial_200_300_80,2671,0.8903333333333333,2681,2671,-10,360.02681965500005,VALID,40,5,0.85,0.9,ox,mixed
Pure GA Timetabling,pop40_elite5_cx0p85_ox_mut0p9_mixed_tk3_initrandom_r_high_mutation_0p9,Adversarial,Adversarial_300_450_120,3914,0.8697777777777778,3924,3914,-10,360.15266410000004,VALID,40,5,0.85,0.9,ox,mixed
Pure GA Timetabling,pop40_elite5_cx0p85_ox_mut0p9_mixed_tk3_initrandom_r_high_mutation_0p9,Adversarial,Adversarial_500_750_200,6590,0.878783837845046,6630,6590,-40,600.3192672719999,VALID,40,5,0.85,0.9,ox,mixed
Pure GA Timetabling,pop40_elite5_cx0p85_ox_mut0p9_mixed_tk3_initrandom_r_high_mutation_0p9,Adversarial,Adversarial_800_1200_320,10516,0.8763333333333333,10608,10516,-92,900.713849878,VALID,40,5,0.85,0.9,ox,mixed
Pure GA Timetabling,pop40_elite5_cx0p85_ox_mut0p9_mixed_tk3_initrandom_r_high_mutation_0p9,Adversarial,Adversarial_1000_1500_400,13133,0.8755333333333334,13211,13133,-78,900.4536321549999,VALID,40,5,0.85,0.9,ox,mixed
Pure GA Timetabling,pop40_elite5_cx0p85_ox_mut0p9_mixed_tk3_initrandom_r_high_mutation_0p9,Exponential,Exponential_20_30_10,187,0.935,188,187,-1,19.98533361299997,VALID,40,5,0.85,0.9,ox,mixed
Pure GA Timetabling,pop40_elite5_cx0p85_ox_mut0p9_mixed_tk3_initrandom_r_high_mutation_0p9,Exponential,Exponential_50_75_20,369,0.492,376,369,-7,90.00948026599963,VALID,40,5,0.85,0.9,ox,mixed
Pure GA Timetabling,pop40_elite5_cx0p85_ox_mut0p9_mixed_tk3_initrandom_r_high_mutation_0p9,Exponential,Exponential_80_120_32,743,0.6191666666666666,760,743,-17,180.0178191340001,VALID,40,5,0.85,0.9,ox,mixed
Pure GA Timetabling,pop40_elite5_cx0p85_ox_mut0p9_mixed_tk3_initrandom_r_high_mutation_0p9,Exponential,Exponential_100_150_40,1126,0.7506666666666667,1112,1126,14,180.01773785899968,VALID,40,5,0.85,0.9,ox,mixed
Pure GA Timetabling,pop40_elite5_cx0p85_ox_mut0p9_mixed_tk3_initrandom_r_high_mutation_0p9,Exponential,Exponential_150_225_60,1924,0.8551111111111112,1936,1924,-12,360.0410538610004,VALID,40,5,0.85,0.9,ox,mixed
Pure GA Timetabling,pop40_elite5_cx0p85_ox_mut0p9_mixed_tk3_initrandom_r_high_mutation_0p9,Exponential,Exponential_200_300_80,2454,0.818,2478,2454,-24,360.0383335209999,VALID,40,5,0.85,0.9,ox,mixed
Pure GA Timetabling,pop40_elite5_cx0p85_ox_mut0p9_mixed_tk3_initrandom_r_high_mutation_0p9,Exponential,Exponential_300_450_120,4006,0.8902222222222222,4030,4006,-24,360.09950459300035,VALID,40,5,0.85,0.9,ox,mixed
Pure GA Timetabling,pop40_elite5_cx0p85_ox_mut0p9_mixed_tk3_initrandom_r_high_mutation_0p9,Exponential,Exponential_500_750_200,6956,0.9274666666666668,6993,6956,-37,600.1648992769997,VALID,40,5,0.85,0.9,ox,mixed
Pure GA Timetabling,pop40_elite5_cx0p85_ox_mut0p9_mixed_tk3_initrandom_r_high_mutation_0p9,Exponential,Exponential_800_1200_320,11395,0.9495833333333332,11450,11395,-55,900.3548949830001,VALID,40,5,0.85,0.9,ox,mixed
Pure GA Timetabling,pop40_elite5_cx0p85_ox_mut0p9_mixed_tk3_initrandom_r_high_mutation_0p9,Exponential,Exponential_1000_1500_400,14363,0.9575333333333332,14414,14363,-51,900.4212565829994,VALID,40,5,0.85,0.9,ox,mixed
Pure GA Timetabling,pop40_elite5_cx0p85_ox_mut0p9_mixed_tk3_initrandom_r_high_mutation_0p9,Gaussian,Gaussian_20_30_10,164,0.82,159,164,5,19.96967372400013,VALID,40,5,0.85,0.9,ox,mixed
Pure GA Timetabling,pop40_elite5_cx0p85_ox_mut0p9_mixed_tk3_initrandom_r_high_mutation_0p9,Gaussian,Gaussian_50_75_20,687,0.916,687,687,0,89.96208422699965,VALID,40,5,0.85,0.9,ox,mixed
Pure GA Timetabling,pop40_elite5_cx0p85_ox_mut0p9_mixed_tk3_initrandom_r_high_mutation_0p9,Gaussian,Gaussian_80_120_32,1157,0.9641666666666666,1151,1157,6,180.0167248029993,VALID,40,5,0.85,0.9,ox,mixed
Pure GA Timetabling,pop40_elite5_cx0p85_ox_mut0p9_mixed_tk3_initrandom_r_high_mutation_0p9,Gaussian,Gaussian_100_150_40,1442,0.9613333333333334,1432,1442,10,180.00884553499964,VALID,40,5,0.85,0.9,ox,mixed
Pure GA Timetabling,pop40_elite5_cx0p85_ox_mut0p9_mixed_tk3_initrandom_r_high_mutation_0p9,Gaussian,Gaussian_150_225_60,2192,0.9742222222222222,2171,2192,21,360.0162134279999,VALID,40,5,0.85,0.9,ox,mixed
Pure GA Timetabling,pop40_elite5_cx0p85_ox_mut0p9_mixed_tk3_initrandom_r_high_mutation_0p9,Gaussian,Gaussian_200_300_80,2927,0.9756666666666668,2904,2927,23,360.02280475800035,VALID,40,5,0.85,0.9,ox,mixed
Pure GA Timetabling,pop40_elite5_cx0p85_ox_mut0p9_mixed_tk3_initrandom_r_high_mutation_0p9,Gaussian,Gaussian_300_450_120,4388,0.9751111111111112,4363,4388,25,360.15340112800004,VALID,40,5,0.85,0.9,ox,mixed
Pure GA Timetabling,pop40_elite5_cx0p85_ox_mut0p9_mixed_tk3_initrandom_r_high_mutation_0p9,Gaussian,Gaussian_500_750_200,7411,0.9882651020136018,7400,7411,11,600.1209832240002,VALID,40,5,0.85,0.9,ox,mixed
Pure GA Timetabling,pop40_elite5_cx0p85_ox_mut0p9_mixed_tk3_initrandom_r_high_mutation_0p9,Gaussian,Gaussian_800_1200_320,11804,0.9836666666666668,11787,11804,17,900.938027238999,VALID,40,5,0.85,0.9,ox,mixed
Pure GA Timetabling,pop40_elite5_cx0p85_ox_mut0p9_mixed_tk3_initrandom_r_high_mutation_0p9,Gaussian,Gaussian_1000_1500_400,14815,0.9876666666666668,14770,14815,45,900.5016420930006,VALID,40,5,0.85,0.9,ox,mixed
Pure GA Timetabling,pop40_elite5_cx0p85_ox_mut0p9_mixed_tk3_initrandom_r_high_mutation_0p9,Poisson,Poisson_20_30_10,144,0.72,140,144,4,20.00228659099957,VALID,40,5,0.85,0.9,ox,mixed
Pure GA Timetabling,pop40_elite5_cx0p85_ox_mut0p9_mixed_tk3_initrandom_r_high_mutation_0p9,Poisson,Poisson_50_75_20,615,0.82,620,615,-5,90.01071025499914,VALID,40,5,0.85,0.9,ox,mixed
Pure GA Timetabling,pop40_elite5_cx0p85_ox_mut0p9_mixed_tk3_initrandom_r_high_mutation_0p9,Poisson,Poisson_80_120_32,1119,0.9325,1114,1119,5,180.02140046000022,VALID,40,5,0.85,0.9,ox,mixed
Pure GA Timetabling,pop40_elite5_cx0p85_ox_mut0p9_mixed_tk3_initrandom_r_high_mutation_0p9,Poisson,Poisson_100_150_40,1410,0.94,1417,1410,-7,180.00783907299956,VALID,40,5,0.85,0.9,ox,mixed
Pure GA Timetabling,pop40_elite5_cx0p85_ox_mut0p9_mixed_tk3_initrandom_r_high_mutation_0p9,Poisson,Poisson_150_225_60,2214,0.984,2213,2214,1,360.0337134250003,VALID,40,5,0.85,0.9,ox,mixed
Pure GA Timetabling,pop40_elite5_cx0p85_ox_mut0p9_mixed_tk3_initrandom_r_high_mutation_0p9,Poisson,Poisson_200_300_80,2947,0.9823333333333332,2932,2947,15,360.0689931849993,VALID,40,5,0.85,0.9,ox,mixed
Pure GA Timetabling,pop40_elite5_cx0p85_ox_mut0p9_mixed_tk3_initrandom_r_high_mutation_0p9,Poisson,Poisson_300_450_120,4467,0.9926666666666668,4449,4467,18,360.08098495299964,VALID,40,5,0.85,0.9,ox,mixed
Pure GA Timetabling,pop40_elite5_cx0p85_ox_mut0p9_mixed_tk3_initrandom_r_high_mutation_0p9,Poisson,Poisson_500_750_200,7322,0.9762666666666666,7312,7322,10,600.091727215,VALID,40,5,0.85,0.9,ox,mixed
Pure GA Timetabling,pop40_elite5_cx0p85_ox_mut0p9_mixed_tk3_initrandom_r_high_mutation_0p9,Poisson,Poisson_800_1200_320,11795,0.9829166666666668,11805,11795,-10,900.713306530999,VALID,40,5,0.85,0.9,ox,mixed
Pure GA Timetabling,pop40_elite5_cx0p85_ox_mut0p9_mixed_tk3_initrandom_r_high_mutation_0p9,Poisson,Poisson_1000_1500_400,14631,0.9754650310020668,14563,14631,68,901.4866260790004,VALID,40,5,0.85,0.9,ox,mixed
Pure GA Timetabling,pop40_elite5_cx0p85_ox_mut0p9_mixed_tk3_initrandom_r_high_mutation_0p9,Uniform,Uniform_20_30_10,190,0.95,184,190,6,19.96999906899873,VALID,40,5,0.85,0.9,ox,mixed
Pure GA Timetabling,pop40_elite5_cx0p85_ox_mut0p9_mixed_tk3_initrandom_r_high_mutation_0p9,Uniform,Uniform_50_75_20,645,0.86,648,645,-3,89.96015092699963,VALID,40,5,0.85,0.9,ox,mixed
Pure GA Timetabling,pop40_elite5_cx0p85_ox_mut0p9_mixed_tk3_initrandom_r_high_mutation_0p9,Uniform,Uniform_80_120_32,1123,0.9358333333333332,1126,1123,-3,180.0064402499993,VALID,40,5,0.85,0.9,ox,mixed
Pure GA Timetabling,pop40_elite5_cx0p85_ox_mut0p9_mixed_tk3_initrandom_r_high_mutation_0p9,Uniform,Uniform_100_150_40,1384,0.9226666666666666,1386,1384,-2,180.01083483600087,VALID,40,5,0.85,0.9,ox,mixed
Pure GA Timetabling,pop40_elite5_cx0p85_ox_mut0p9_mixed_tk3_initrandom_r_high_mutation_0p9,Uniform,Uniform_150_225_60,2133,0.948,2122,2133,11,360.054974314,VALID,40,5,0.85,0.9,ox,mixed
Pure GA Timetabling,pop40_elite5_cx0p85_ox_mut0p9_mixed_tk3_initrandom_r_high_mutation_0p9,Uniform,Uniform_200_300_80,2904,0.968,2877,2904,27,360.1218868169999,VALID,40,5,0.85,0.9,ox,mixed
Pure GA Timetabling,pop40_elite5_cx0p85_ox_mut0p9_mixed_tk3_initrandom_r_high_mutation_0p9,Uniform,Uniform_300_450_120,4281,0.9515447877306068,4277,4281,4,360.0335957139978,VALID,40,5,0.85,0.9,ox,mixed
Pure GA Timetabling,pop40_elite5_cx0p85_ox_mut0p9_mixed_tk3_initrandom_r_high_mutation_0p9,Uniform,Uniform_500_750_200,7280,0.9706666666666668,7262,7280,18,600.0424335240023,VALID,40,5,0.85,0.9,ox,mixed
Pure GA Timetabling,pop40_elite5_cx0p85_ox_mut0p9_mixed_tk3_initrandom_r_high_mutation_0p9,Uniform,Uniform_800_1200_320,11747,0.9789166666666668,11684,11747,63,900.4713351879982,VALID,40,5,0.85,0.9,ox,mixed
Pure GA Timetabling,pop40_elite5_cx0p85_ox_mut0p9_mixed_tk3_initrandom_r_high_mutation_0p9,Uniform,Uniform_1000_1500_400,14643,0.9762,14661,14643,-18,900.9879101719998,VALID,40,5,0.85,0.9,ox,mixed
Pure GA Timetabling,pop40_elite5_cx0p85_ox_mut0p9_mixed_tk3_initrandom_r_high_mutation_0p9,hustack,hustack01,169,0.9441340782122905,169,169,0,20.003488548998572,VALID,40,5,0.85,0.9,ox,mixed
Pure GA Timetabling,pop40_elite5_cx0p85_ox_mut0p9_mixed_tk3_initrandom_r_high_mutation_0p9,hustack,hustack02,167,0.8186274509803921,167,167,0,45.002423597001325,VALID,40,5,0.85,0.9,ox,mixed
Pure GA Timetabling,pop40_elite5_cx0p85_ox_mut0p9_mixed_tk3_initrandom_r_high_mutation_0p9,hustack,hustack03,37,0.9487179487179488,37,37,0,19.964730692001467,VALID,40,5,0.85,0.9,ox,mixed
Pure GA Timetabling,pop40_elite5_cx0p85_ox_mut0p9_mixed_tk3_initrandom_r_high_mutation_0p9,hustack,hustack04,227,0.7643097643097643,227,227,0,45.00383244400291,VALID,40,5,0.85,0.9,ox,mixed
Pure GA Timetabling,pop40_elite5_cx0p85_ox_mut0p9_mixed_tk3_initrandom_r_high_mutation_0p9,hustack,hustack05,318,0.8907563025210085,318,318,0,45.006843701001344,VALID,40,5,0.85,0.9,ox,mixed
Pure GA Timetabling,pop40_elite5_cx0p85_ox_mut0p9_mixed_tk3_initrandom_r_high_mutation_0p9,hustack,hustack06,69,0.8846153846153846,69,69,0,19.957124087999546,VALID,40,5,0.85,0.9,ox,mixed
Pure GA Timetabling,pop40_elite5_cx0p85_ox_mut0p9_mixed_tk3_initrandom_r_high_mutation_0p9,hustack,hustack07,200,0.8264462809917356,200,200,0,45.00382477699896,VALID,40,5,0.85,0.9,ox,mixed
Pure GA Timetabling,pop40_elite5_cx0p85_ox_mut0p9_mixed_tk3_initrandom_r_high_mutation_0p9,hustack,hustack08,148,0.8809523809523809,146,148,2,20.0018161980006,VALID,40,5,0.85,0.9,ox,mixed
Pure GA Timetabling,pop40_elite5_cx0p85_ox_mut0p9_mixed_tk3_initrandom_r_high_mutation_0p9,hustack,hustack09,284,0.8685015290519877,283,284,1,44.98360793499887,VALID,40,5,0.85,0.9,ox,mixed
Pure GA Timetabling,pop40_elite5_cx0p85_ox_mut0p9_mixed_tk3_initrandom_r_high_mutation_0p9,hustack,hustack10,12,1.0,12,12,0,19.953194048001023,VALID,40,5,0.85,0.9,ox,mixed
Pure GA Timetabling,pop40_elite5_cx0p85_pmx_mut0p75_mixed_tk3_initheuristic_ga_pmx_mixed,Adversarial,Adversarial_20_30_10,157,0.785,157,157,0,20.001482753999998,VALID,40,5,0.85,0.75,pmx,mixed
Pure GA Timetabling,pop40_elite5_cx0p85_pmx_mut0p75_mixed_tk3_initheuristic_ga_pmx_mixed,Adversarial,Adversarial_50_75_20,493,0.6573333333333333,493,493,0,90.024143261,VALID,40,5,0.85,0.75,pmx,mixed
Pure GA Timetabling,pop40_elite5_cx0p85_pmx_mut0p75_mixed_tk3_initheuristic_ga_pmx_mixed,Adversarial,Adversarial_80_120_32,1064,0.8866666666666667,1064,1064,0,180.00879799999996,VALID,40,5,0.85,0.75,pmx,mixed
Pure GA Timetabling,pop40_elite5_cx0p85_pmx_mut0p75_mixed_tk3_initheuristic_ga_pmx_mixed,Adversarial,Adversarial_100_150_40,1390,0.9266666666666666,1390,1390,0,180.03990762499996,VALID,40,5,0.85,0.75,pmx,mixed
Pure GA Timetabling,pop40_elite5_cx0p85_pmx_mut0p75_mixed_tk3_initheuristic_ga_pmx_mixed,Adversarial,Adversarial_150_225_60,2022,0.8986666666666666,2022,2022,0,360.02806143500004,VALID,40,5,0.85,0.75,pmx,mixed
Pure GA Timetabling,pop40_elite5_cx0p85_pmx_mut0p75_mixed_tk3_initheuristic_ga_pmx_mixed,Adversarial,Adversarial_200_300_80,2681,0.8936666666666667,2681,2681,0,360.06307994300005,VALID,40,5,0.85,0.75,pmx,mixed
Pure GA Timetabling,pop40_elite5_cx0p85_pmx_mut0p75_mixed_tk3_initheuristic_ga_pmx_mixed,Adversarial,Adversarial_300_450_120,3924,0.872,3924,3924,0,360.0675812520001,VALID,40,5,0.85,0.75,pmx,mixed
Pure GA Timetabling,pop40_elite5_cx0p85_pmx_mut0p75_mixed_tk3_initheuristic_ga_pmx_mixed,Adversarial,Adversarial_500_750_200,6630,0.8841178823843179,6630,6630,0,600.179233333,VALID,40,5,0.85,0.75,pmx,mixed
Pure GA Timetabling,pop40_elite5_cx0p85_pmx_mut0p75_mixed_tk3_initheuristic_ga_pmx_mixed,Adversarial,Adversarial_800_1200_320,10608,0.884,10608,10608,0,900.639654304,VALID,40,5,0.85,0.75,pmx,mixed
Pure GA Timetabling,pop40_elite5_cx0p85_pmx_mut0p75_mixed_tk3_initheuristic_ga_pmx_mixed,Adversarial,Adversarial_1000_1500_400,13211,0.8807333333333334,13211,13211,0,900.2890622010004,VALID,40,5,0.85,0.75,pmx,mixed
Pure GA Timetabling,pop40_elite5_cx0p85_pmx_mut0p75_mixed_tk3_initheuristic_ga_pmx_mixed,Exponential,Exponential_20_30_10,188,0.94,188,188,0,20.00185903100009,VALID,40,5,0.85,0.75,pmx,mixed
Pure GA Timetabling,pop40_elite5_cx0p85_pmx_mut0p75_mixed_tk3_initheuristic_ga_pmx_mixed,Exponential,Exponential_50_75_20,376,0.5013333333333333,376,376,0,90.00875064199954,VALID,40,5,0.85,0.75,pmx,mixed
Pure GA Timetabling,pop40_elite5_cx0p85_pmx_mut0p75_mixed_tk3_initheuristic_ga_pmx_mixed,Exponential,Exponential_80_120_32,760,0.6333333333333333,760,760,0,180.0148079849996,VALID,40,5,0.85,0.75,pmx,mixed
Pure GA Timetabling,pop40_elite5_cx0p85_pmx_mut0p75_mixed_tk3_initheuristic_ga_pmx_mixed,Exponential,Exponential_100_150_40,1123,0.7486666666666667,1112,1123,11,180.01812449499994,VALID,40,5,0.85,0.75,pmx,mixed
Pure GA Timetabling,pop40_elite5_cx0p85_pmx_mut0p75_mixed_tk3_initheuristic_ga_pmx_mixed,Exponential,Exponential_150_225_60,1936,0.8604444444444445,1936,1936,0,360.02987297100026,VALID,40,5,0.85,0.75,pmx,mixed
Pure GA Timetabling,pop40_elite5_cx0p85_pmx_mut0p75_mixed_tk3_initheuristic_ga_pmx_mixed,Exponential,Exponential_200_300_80,2478,0.826,2478,2478,0,360.0329104520006,VALID,40,5,0.85,0.75,pmx,mixed
Pure GA Timetabling,pop40_elite5_cx0p85_pmx_mut0p75_mixed_tk3_initheuristic_ga_pmx_mixed,Exponential,Exponential_300_450_120,4030,0.8955555555555555,4030,4030,0,360.04574162300014,VALID,40,5,0.85,0.75,pmx,mixed
Pure GA Timetabling,pop40_elite5_cx0p85_pmx_mut0p75_mixed_tk3_initheuristic_ga_pmx_mixed,Exponential,Exponential_500_750_200,6993,0.9324,6993,6993,0,600.2523392269995,VALID,40,5,0.85,0.75,pmx,mixed
Pure GA Timetabling,pop40_elite5_cx0p85_pmx_mut0p75_mixed_tk3_initheuristic_ga_pmx_mixed,Exponential,Exponential_800_1200_320,11450,0.9541666666666668,11450,11450,0,900.2005871660003,VALID,40,5,0.85,0.75,pmx,mixed
Pure GA Timetabling,pop40_elite5_cx0p85_pmx_mut0p75_mixed_tk3_initheuristic_ga_pmx_mixed,Exponential,Exponential_1000_1500_400,14414,0.9609333333333332,14414,14414,0,900.644389092,VALID,40,5,0.85,0.75,pmx,mixed
Pure GA Timetabling,pop40_elite5_cx0p85_pmx_mut0p75_mixed_tk3_initheuristic_ga_pmx_mixed,Gaussian,Gaussian_20_30_10,161,0.805,159,161,2,20.002683213999266,VALID,40,5,0.85,0.75,pmx,mixed
Pure GA Timetabling,pop40_elite5_cx0p85_pmx_mut0p75_mixed_tk3_initheuristic_ga_pmx_mixed,Gaussian,Gaussian_50_75_20,687,0.916,687,687,0,90.00544656200054,VALID,40,5,0.85,0.75,pmx,mixed
Pure GA Timetabling,pop40_elite5_cx0p85_pmx_mut0p75_mixed_tk3_initheuristic_ga_pmx_mixed,Gaussian,Gaussian_80_120_32,1156,0.9633333333333334,1151,1156,5,180.03014296000038,VALID,40,5,0.85,0.75,pmx,mixed
Pure GA Timetabling,pop40_elite5_cx0p85_pmx_mut0p75_mixed_tk3_initheuristic_ga_pmx_mixed,Gaussian,Gaussian_100_150_40,1449,0.966,1432,1449,17,180.02096658399932,VALID,40,5,0.85,0.75,pmx,mixed
Pure GA Timetabling,pop40_elite5_cx0p85_pmx_mut0p75_mixed_tk3_initheuristic_ga_pmx_mixed,Gaussian,Gaussian_150_225_60,2192,0.9742222222222222,2171,2192,21,360.04850689900013,VALID,40,5,0.85,0.75,pmx,mixed
Pure GA Timetabling,pop40_elite5_cx0p85_pmx_mut0p75_mixed_tk3_initheuristic_ga_pmx_mixed,Gaussian,Gaussian_200_300_80,2935,0.9783333333333334,2904,2935,31,360.0270239010006,VALID,40,5,0.85,0.75,pmx,mixed
Pure GA Timetabling,pop40_elite5_cx0p85_pmx_mut0p75_mixed_tk3_initheuristic_ga_pmx_mixed,Gaussian,Gaussian_300_450_120,4385,0.9744444444444444,4363,4385,22,360.0717039479987,VALID,40,5,0.85,0.75,pmx,mixed
Pure GA Timetabling,pop40_elite5_cx0p85_pmx_mut0p75_mixed_tk3_initheuristic_ga_pmx_mixed,Gaussian,Gaussian_500_750_200,7405,0.987464995332711,7400,7405,5,600.180926821,VALID,40,5,0.85,0.75,pmx,mixed
Pure GA Timetabling,pop40_elite5_cx0p85_pmx_mut0p75_mixed_tk3_initheuristic_ga_pmx_mixed,Gaussian,Gaussian_800_1200_320,11808,0.984,11787,11808,21,900.1852942309997,VALID,40,5,0.85,0.75,pmx,mixed
Pure GA Timetabling,pop40_elite5_cx0p85_pmx_mut0p75_mixed_tk3_initheuristic_ga_pmx_mixed,Gaussian,Gaussian_1000_1500_400,14798,0.9865333333333334,14770,14798,28,901.169695638,VALID,40,5,0.85,0.75,pmx,mixed
Pure GA Timetabling,pop40_elite5_cx0p85_pmx_mut0p75_mixed_tk3_initheuristic_ga_pmx_mixed,Poisson,Poisson_20_30_10,145,0.725,140,145,5,19.95131942199987,VALID,40,5,0.85,0.75,pmx,mixed
Pure GA Timetabling,pop40_elite5_cx0p85_pmx_mut0p75_mixed_tk3_initheuristic_ga_pmx_mixed,Poisson,Poisson_50_75_20,620,0.8266666666666667,620,620,0,90.0105011100004,VALID,40,5,0.85,0.75,pmx,mixed
Pure GA Timetabling,pop40_elite5_cx0p85_pmx_mut0p75_mixed_tk3_initheuristic_ga_pmx_mixed,Poisson,Poisson_80_120_32,1118,0.9316666666666666,1114,1118,4,180.02567570700012,VALID,40,5,0.85,0.75,pmx,mixed
Pure GA Timetabling,pop40_elite5_cx0p85_pmx_mut0p75_mixed_tk3_initheuristic_ga_pmx_mixed,Poisson,Poisson_100_150_40,1417,0.9446666666666668,1417,1417,0,180.03558076899935,VALID,40,5,0.85,0.75,pmx,mixed
Pure GA Timetabling,pop40_elite5_cx0p85_pmx_mut0p75_mixed_tk3_initheuristic_ga_pmx_mixed,Poisson,Poisson_150_225_60,2213,0.9835555555555556,2213,2213,0,360.0308813149986,VALID,40,5,0.85,0.75,pmx,mixed
Pure GA Timetabling,pop40_elite5_cx0p85_pmx_mut0p75_mixed_tk3_initheuristic_ga_pmx_mixed,Poisson,Poisson_200_300_80,2958,0.986,2932,2958,26,360.08765928200046,VALID,40,5,0.85,0.75,pmx,mixed
Pure GA Timetabling,pop40_elite5_cx0p85_pmx_mut0p75_mixed_tk3_initheuristic_ga_pmx_mixed,Poisson,Poisson_300_450_120,4473,0.994,4449,4473,24,360.1545008150006,VALID,40,5,0.85,0.75,pmx,mixed
Pure GA Timetabling,pop40_elite5_cx0p85_pmx_mut0p75_mixed_tk3_initheuristic_ga_pmx_mixed,Poisson,Poisson_500_750_200,7329,0.9772,7312,7329,17,600.41900747,VALID,40,5,0.85,0.75,pmx,mixed
Pure GA Timetabling,pop40_elite5_cx0p85_pmx_mut0p75_mixed_tk3_initheuristic_ga_pmx_mixed,Poisson,Poisson_800_1200_320,11833,0.9860833333333332,11805,11833,28,900.5302679340002,VALID,40,5,0.85,0.75,pmx,mixed
Pure GA Timetabling,pop40_elite5_cx0p85_pmx_mut0p75_mixed_tk3_initheuristic_ga_pmx_mixed,Poisson,Poisson_1000_1500_400,14619,0.9746649776651776,14563,14619,56,901.0347112400012,VALID,40,5,0.85,0.75,pmx,mixed
Pure GA Timetabling,pop40_elite5_cx0p85_pmx_mut0p75_mixed_tk3_initheuristic_ga_pmx_mixed,Uniform,Uniform_20_30_10,189,0.945,184,189,5,19.956897204998317,VALID,40,5,0.85,0.75,pmx,mixed
Pure GA Timetabling,pop40_elite5_cx0p85_pmx_mut0p75_mixed_tk3_initheuristic_ga_pmx_mixed,Uniform,Uniform_50_75_20,648,0.864,648,648,0,90.00797374099966,VALID,40,5,0.85,0.75,pmx,mixed
Pure GA Timetabling,pop40_elite5_cx0p85_pmx_mut0p75_mixed_tk3_initheuristic_ga_pmx_mixed,Uniform,Uniform_80_120_32,1126,0.9383333333333334,1126,1126,0,180.0254398470006,VALID,40,5,0.85,0.75,pmx,mixed
Pure GA Timetabling,pop40_elite5_cx0p85_pmx_mut0p75_mixed_tk3_initheuristic_ga_pmx_mixed,Uniform,Uniform_100_150_40,1386,0.924,1386,1386,0,180.01199990499845,VALID,40,5,0.85,0.75,pmx,mixed
Pure GA Timetabling,pop40_elite5_cx0p85_pmx_mut0p75_mixed_tk3_initheuristic_ga_pmx_mixed,Uniform,Uniform_150_225_60,2137,0.9497777777777778,2122,2137,15,360.0268814279989,VALID,40,5,0.85,0.75,pmx,mixed
Pure GA Timetabling,pop40_elite5_cx0p85_pmx_mut0p75_mixed_tk3_initheuristic_ga_pmx_mixed,Uniform,Uniform_200_300_80,2904,0.968,2877,2904,27,360.02411379299883,VALID,40,5,0.85,0.75,pmx,mixed
Pure GA Timetabling,pop40_elite5_cx0p85_pmx_mut0p75_mixed_tk3_initheuristic_ga_pmx_mixed,Uniform,Uniform_300_450_120,4277,0.9506557012669482,4277,4277,0,360.16561737899974,VALID,40,5,0.85,0.75,pmx,mixed
Pure GA Timetabling,pop40_elite5_cx0p85_pmx_mut0p75_mixed_tk3_initheuristic_ga_pmx_mixed,Uniform,Uniform_500_750_200,7287,0.9716,7262,7287,25,600.1581318600001,VALID,40,5,0.85,0.75,pmx,mixed
Pure GA Timetabling,pop40_elite5_cx0p85_pmx_mut0p75_mixed_tk3_initheuristic_ga_pmx_mixed,Uniform,Uniform_800_1200_320,11755,0.9795833333333334,11684,11755,71,900.6952259069985,VALID,40,5,0.85,0.75,pmx,mixed
Pure GA Timetabling,pop40_elite5_cx0p85_pmx_mut0p75_mixed_tk3_initheuristic_ga_pmx_mixed,Uniform,Uniform_1000_1500_400,14661,0.9774,14661,14661,0,902.0843070849988,VALID,40,5,0.85,0.75,pmx,mixed
Pure GA Timetabling,pop40_elite5_cx0p85_pmx_mut0p75_mixed_tk3_initheuristic_ga_pmx_mixed,hustack,hustack01,169,0.9441340782122905,169,169,0,19.997771054000623,VALID,40,5,0.85,0.75,pmx,mixed
Pure GA Timetabling,pop40_elite5_cx0p85_pmx_mut0p75_mixed_tk3_initheuristic_ga_pmx_mixed,hustack,hustack02,167,0.8186274509803921,167,167,0,44.98171990999981,VALID,40,5,0.85,0.75,pmx,mixed
Pure GA Timetabling,pop40_elite5_cx0p85_pmx_mut0p75_mixed_tk3_initheuristic_ga_pmx_mixed,hustack,hustack03,37,0.9487179487179488,37,37,0,19.96080720299869,VALID,40,5,0.85,0.75,pmx,mixed
Pure GA Timetabling,pop40_elite5_cx0p85_pmx_mut0p75_mixed_tk3_initheuristic_ga_pmx_mixed,hustack,hustack04,227,0.7643097643097643,227,227,0,45.00340562600104,VALID,40,5,0.85,0.75,pmx,mixed
Pure GA Timetabling,pop40_elite5_cx0p85_pmx_mut0p75_mixed_tk3_initheuristic_ga_pmx_mixed,hustack,hustack05,318,0.8907563025210085,318,318,0,45.006807770001615,VALID,40,5,0.85,0.75,pmx,mixed
Pure GA Timetabling,pop40_elite5_cx0p85_pmx_mut0p75_mixed_tk3_initheuristic_ga_pmx_mixed,hustack,hustack06,69,0.8846153846153846,69,69,0,19.986499048998667,VALID,40,5,0.85,0.75,pmx,mixed
Pure GA Timetabling,pop40_elite5_cx0p85_pmx_mut0p75_mixed_tk3_initheuristic_ga_pmx_mixed,hustack,hustack07,200,0.8264462809917356,200,200,0,45.002359722999245,VALID,40,5,0.85,0.75,pmx,mixed
Pure GA Timetabling,pop40_elite5_cx0p85_pmx_mut0p75_mixed_tk3_initheuristic_ga_pmx_mixed,hustack,hustack08,148,0.8809523809523809,146,148,2,19.953630481999426,VALID,40,5,0.85,0.75,pmx,mixed
Pure GA Timetabling,pop40_elite5_cx0p85_pmx_mut0p75_mixed_tk3_initheuristic_ga_pmx_mixed,hustack,hustack09,284,0.8685015290519877,283,284,1,45.00290341399887,VALID,40,5,0.85,0.75,pmx,mixed
Pure GA Timetabling,pop40_elite5_cx0p85_pmx_mut0p75_mixed_tk3_initheuristic_ga_pmx_mixed,hustack,hustack10,12,1.0,12,12,0,0.0001571960019646,VALID,40,5,0.85,0.75,pmx,mixed
Pure GA Timetabling,pop40_elite5_cx0p85_pmx_mut0p75_mixed_tk3_initrandom_r_pmx_mixed,Adversarial,Adversarial_20_30_10,156,0.78,157,156,-1,20.002378744,VALID,40,5,0.85,0.75,pmx,mixed
Pure GA Timetabling,pop40_elite5_cx0p85_pmx_mut0p75_mixed_tk3_initrandom_r_pmx_mixed,Adversarial,Adversarial_50_75_20,489,0.652,493,489,-4,90.017951945,VALID,40,5,0.85,0.75,pmx,mixed
Pure GA Timetabling,pop40_elite5_cx0p85_pmx_mut0p75_mixed_tk3_initrandom_r_pmx_mixed,Adversarial,Adversarial_80_120_32,1064,0.8866666666666667,1064,1064,0,180.02600646499997,VALID,40,5,0.85,0.75,pmx,mixed
Pure GA Timetabling,pop40_elite5_cx0p85_pmx_mut0p75_mixed_tk3_initrandom_r_pmx_mixed,Adversarial,Adversarial_100_150_40,1385,0.9233333333333332,1390,1385,-5,180.027969234,VALID,40,5,0.85,0.75,pmx,mixed
Pure GA Timetabling,pop40_elite5_cx0p85_pmx_mut0p75_mixed_tk3_initrandom_r_pmx_mixed,Adversarial,Adversarial_150_225_60,2005,0.8911111111111111,2022,2005,-17,360.0137304269999,VALID,40,5,0.85,0.75,pmx,mixed
Pure GA Timetabling,pop40_elite5_cx0p85_pmx_mut0p75_mixed_tk3_initrandom_r_pmx_mixed,Adversarial,Adversarial_200_300_80,2666,0.8886666666666667,2681,2666,-15,360.0434830030001,VALID,40,5,0.85,0.75,pmx,mixed
Pure GA Timetabling,pop40_elite5_cx0p85_pmx_mut0p75_mixed_tk3_initrandom_r_pmx_mixed,Adversarial,Adversarial_300_450_120,3907,0.8682222222222222,3924,3907,-17,360.095166498,VALID,40,5,0.85,0.75,pmx,mixed
Pure GA Timetabling,pop40_elite5_cx0p85_pmx_mut0p75_mixed_tk3_initrandom_r_pmx_mixed,Adversarial,Adversarial_500_750_200,6582,0.8777170289371916,6630,6582,-48,600.0986985119998,VALID,40,5,0.85,0.75,pmx,mixed
Pure GA Timetabling,pop40_elite5_cx0p85_pmx_mut0p75_mixed_tk3_initrandom_r_pmx_mixed,Adversarial,Adversarial_800_1200_320,10522,0.8768333333333334,10608,10522,-86,900.5030967800003,VALID,40,5,0.85,0.75,pmx,mixed
Pure GA Timetabling,pop40_elite5_cx0p85_pmx_mut0p75_mixed_tk3_initrandom_r_pmx_mixed,Adversarial,Adversarial_1000_1500_400,13140,0.876,13211,13140,-71,900.4833233619997,VALID,40,5,0.85,0.75,pmx,mixed
Pure GA Timetabling,pop40_elite5_cx0p85_pmx_mut0p75_mixed_tk3_initrandom_r_pmx_mixed,Exponential,Exponential_20_30_10,186,0.93,188,186,-2,19.95793487200081,VALID,40,5,0.85,0.75,pmx,mixed
Pure GA Timetabling,pop40_elite5_cx0p85_pmx_mut0p75_mixed_tk3_initrandom_r_pmx_mixed,Exponential,Exponential_50_75_20,369,0.492,376,369,-7,90.0114472260002,VALID,40,5,0.85,0.75,pmx,mixed
Pure GA Timetabling,pop40_elite5_cx0p85_pmx_mut0p75_mixed_tk3_initrandom_r_pmx_mixed,Exponential,Exponential_80_120_32,746,0.6216666666666667,760,746,-14,180.0193884549999,VALID,40,5,0.85,0.75,pmx,mixed
Pure GA Timetabling,pop40_elite5_cx0p85_pmx_mut0p75_mixed_tk3_initrandom_r_pmx_mixed,Exponential,Exponential_100_150_40,1122,0.748,1112,1122,10,180.02501811599996,VALID,40,5,0.85,0.75,pmx,mixed
Pure GA Timetabling,pop40_elite5_cx0p85_pmx_mut0p75_mixed_tk3_initrandom_r_pmx_mixed,Exponential,Exponential_150_225_60,1923,0.8546666666666667,1936,1923,-13,360.00277081399963,VALID,40,5,0.85,0.75,pmx,mixed
Pure GA Timetabling,pop40_elite5_cx0p85_pmx_mut0p75_mixed_tk3_initrandom_r_pmx_mixed,Exponential,Exponential_200_300_80,2455,0.8183333333333334,2478,2455,-23,360.0305463859995,VALID,40,5,0.85,0.75,pmx,mixed
Pure GA Timetabling,pop40_elite5_cx0p85_pmx_mut0p75_mixed_tk3_initrandom_r_pmx_mixed,Exponential,Exponential_300_450_120,4008,0.8906666666666667,4030,4008,-22,360.0844872789994,VALID,40,5,0.85,0.75,pmx,mixed
Pure GA Timetabling,pop40_elite5_cx0p85_pmx_mut0p75_mixed_tk3_initrandom_r_pmx_mixed,Exponential,Exponential_500_750_200,6970,0.9293333333333332,6993,6970,-23,600.0813395590003,VALID,40,5,0.85,0.75,pmx,mixed
Pure GA Timetabling,pop40_elite5_cx0p85_pmx_mut0p75_mixed_tk3_initrandom_r_pmx_mixed,Exponential,Exponential_800_1200_320,11409,0.95075,11450,11409,-41,900.457323091,VALID,40,5,0.85,0.75,pmx,mixed
Pure GA Timetabling,pop40_elite5_cx0p85_pmx_mut0p75_mixed_tk3_initrandom_r_pmx_mixed,Exponential,Exponential_1000_1500_400,14366,0.9577333333333332,14414,14366,-48,900.6462001369991,VALID,40,5,0.85,0.75,pmx,mixed
Pure GA Timetabling,pop40_elite5_cx0p85_pmx_mut0p75_mixed_tk3_initrandom_r_pmx_mixed,Gaussian,Gaussian_20_30_10,163,0.815,159,163,4,20.00319575299909,VALID,40,5,0.85,0.75,pmx,mixed
Pure GA Timetabling,pop40_elite5_cx0p85_pmx_mut0p75_mixed_tk3_initrandom_r_pmx_mixed,Gaussian,Gaussian_50_75_20,687,0.916,687,687,0,90.01408045700009,VALID,40,5,0.85,0.75,pmx,mixed
Pure GA Timetabling,pop40_elite5_cx0p85_pmx_mut0p75_mixed_tk3_initrandom_r_pmx_mixed,Gaussian,Gaussian_80_120_32,1158,0.965,1151,1158,7,180.02328510699954,VALID,40,5,0.85,0.75,pmx,mixed
Pure GA Timetabling,pop40_elite5_cx0p85_pmx_mut0p75_mixed_tk3_initrandom_r_pmx_mixed,Gaussian,Gaussian_100_150_40,1448,0.9653333333333334,1432,1448,16,180.01797655100015,VALID,40,5,0.85,0.75,pmx,mixed
Pure GA Timetabling,pop40_elite5_cx0p85_pmx_mut0p75_mixed_tk3_initrandom_r_pmx_mixed,Gaussian,Gaussian_150_225_60,2189,0.9728888888888888,2171,2189,18,360.0234769660001,VALID,40,5,0.85,0.75,pmx,mixed
Pure GA Timetabling,pop40_elite5_cx0p85_pmx_mut0p75_mixed_tk3_initrandom_r_pmx_mixed,Gaussian,Gaussian_200_300_80,2939,0.9796666666666668,2904,2939,35,360.0759405640001,VALID,40,5,0.85,0.75,pmx,mixed
Pure GA Timetabling,pop40_elite5_cx0p85_pmx_mut0p75_mixed_tk3_initrandom_r_pmx_mixed,Gaussian,Gaussian_300_450_120,4387,0.9748888888888888,4363,4387,24,360.15188160900107,VALID,40,5,0.85,0.75,pmx,mixed
Pure GA Timetabling,pop40_elite5_cx0p85_pmx_mut0p75_mixed_tk3_initrandom_r_pmx_mixed,Gaussian,Gaussian_500_750_200,7412,0.9883984531270836,7400,7412,12,600.2716923100015,VALID,40,5,0.85,0.75,pmx,mixed
Pure GA Timetabling,pop40_elite5_cx0p85_pmx_mut0p75_mixed_tk3_initrandom_r_pmx_mixed,Gaussian,Gaussian_800_1200_320,11814,0.9845,11787,11814,27,900.6364728970002,VALID,40,5,0.85,0.75,pmx,mixed
Pure GA Timetabling,pop40_elite5_cx0p85_pmx_mut0p75_mixed_tk3_initrandom_r_pmx_mixed,Gaussian,Gaussian_1000_1500_400,14801,0.9867333333333334,14770,14801,31,901.5848724169992,VALID,40,5,0.85,0.75,pmx,mixed
Pure GA Timetabling,pop40_elite5_cx0p85_pmx_mut0p75_mixed_tk3_initrandom_r_pmx_mixed,Poisson,Poisson_20_30_10,147,0.735,140,147,7,19.97313936000137,VALID,40,5,0.85,0.75,pmx,mixed
Pure GA Timetabling,pop40_elite5_cx0p85_pmx_mut0p75_mixed_tk3_initrandom_r_pmx_mixed,Poisson,Poisson_50_75_20,617,0.8226666666666667,620,617,-3,90.01463028800026,VALID,40,5,0.85,0.75,pmx,mixed
Pure GA Timetabling,pop40_elite5_cx0p85_pmx_mut0p75_mixed_tk3_initrandom_r_pmx_mixed,Poisson,Poisson_80_120_32,1120,0.9333333333333332,1114,1120,6,180.0191361369998,VALID,40,5,0.85,0.75,pmx,mixed
Pure GA Timetabling,pop40_elite5_cx0p85_pmx_mut0p75_mixed_tk3_initrandom_r_pmx_mixed,Poisson,Poisson_100_150_40,1411,0.9406666666666668,1417,1411,-6,180.0219402319999,VALID,40,5,0.85,0.75,pmx,mixed
Pure GA Timetabling,pop40_elite5_cx0p85_pmx_mut0p75_mixed_tk3_initrandom_r_pmx_mixed,Poisson,Poisson_150_225_60,2213,0.9835555555555556,2213,2213,0,360.02884141600043,VALID,40,5,0.85,0.75,pmx,mixed
Pure GA Timetabling,pop40_elite5_cx0p85_pmx_mut0p75_mixed_tk3_initrandom_r_pmx_mixed,Poisson,Poisson_200_300_80,2954,0.9846666666666668,2932,2954,22,360.04162468899995,VALID,40,5,0.85,0.75,pmx,mixed
Pure GA Timetabling,pop40_elite5_cx0p85_pmx_mut0p75_mixed_tk3_initrandom_r_pmx_mixed,Poisson,Poisson_300_450_120,4466,0.9924444444444444,4449,4466,17,360.1092593630001,VALID,40,5,0.85,0.75,pmx,mixed
Pure GA Timetabling,pop40_elite5_cx0p85_pmx_mut0p75_mixed_tk3_initrandom_r_pmx_mixed,Poisson,Poisson_500_750_200,7332,0.9776,7312,7332,20,600.1305608130006,VALID,40,5,0.85,0.75,pmx,mixed
Pure GA Timetabling,pop40_elite5_cx0p85_pmx_mut0p75_mixed_tk3_initrandom_r_pmx_mixed,Poisson,Poisson_800_1200_320,11797,0.9830833333333332,11805,11797,-8,900.6825737589988,VALID,40,5,0.85,0.75,pmx,mixed
Pure GA Timetabling,pop40_elite5_cx0p85_pmx_mut0p75_mixed_tk3_initrandom_r_pmx_mixed,Poisson,Poisson_1000_1500_400,14636,0.975798386559104,14563,14636,73,900.8564890969992,VALID,40,5,0.85,0.75,pmx,mixed
Pure GA Timetabling,pop40_elite5_cx0p85_pmx_mut0p75_mixed_tk3_initrandom_r_pmx_mixed,Uniform,Uniform_20_30_10,189,0.945,184,189,5,19.980450173001373,VALID,40,5,0.85,0.75,pmx,mixed
Pure GA Timetabling,pop40_elite5_cx0p85_pmx_mut0p75_mixed_tk3_initrandom_r_pmx_mixed,Uniform,Uniform_50_75_20,647,0.8626666666666667,648,647,-1,90.01324962899889,VALID,40,5,0.85,0.75,pmx,mixed
Pure GA Timetabling,pop40_elite5_cx0p85_pmx_mut0p75_mixed_tk3_initrandom_r_pmx_mixed,Uniform,Uniform_80_120_32,1123,0.9358333333333332,1126,1123,-3,180.01590832100192,VALID,40,5,0.85,0.75,pmx,mixed
Pure GA Timetabling,pop40_elite5_cx0p85_pmx_mut0p75_mixed_tk3_initrandom_r_pmx_mixed,Uniform,Uniform_100_150_40,1383,0.922,1386,1383,-3,179.99893045299905,VALID,40,5,0.85,0.75,pmx,mixed
Pure GA Timetabling,pop40_elite5_cx0p85_pmx_mut0p75_mixed_tk3_initrandom_r_pmx_mixed,Uniform,Uniform_150_225_60,2138,0.9502222222222222,2122,2138,16,360.0377522469971,VALID,40,5,0.85,0.75,pmx,mixed
Pure GA Timetabling,pop40_elite5_cx0p85_pmx_mut0p75_mixed_tk3_initrandom_r_pmx_mixed,Uniform,Uniform_200_300_80,2906,0.9686666666666668,2877,2906,29,360.08420904500235,VALID,40,5,0.85,0.75,pmx,mixed
Pure GA Timetabling,pop40_elite5_cx0p85_pmx_mut0p75_mixed_tk3_initrandom_r_pmx_mixed,Uniform,Uniform_300_450_120,4278,0.9508779728828628,4277,4278,1,360.0368073339996,VALID,40,5,0.85,0.75,pmx,mixed
Pure GA Timetabling,pop40_elite5_cx0p85_pmx_mut0p75_mixed_tk3_initrandom_r_pmx_mixed,Uniform,Uniform_500_750_200,7295,0.9726666666666668,7262,7295,33,600.151209292002,VALID,40,5,0.85,0.75,pmx,mixed
Pure GA Timetabling,pop40_elite5_cx0p85_pmx_mut0p75_mixed_tk3_initrandom_r_pmx_mixed,Uniform,Uniform_800_1200_320,11749,0.9790833333333332,11684,11749,65,900.7969008660002,VALID,40,5,0.85,0.75,pmx,mixed
Pure GA Timetabling,pop40_elite5_cx0p85_pmx_mut0p75_mixed_tk3_initrandom_r_pmx_mixed,Uniform,Uniform_1000_1500_400,14644,0.9762666666666666,14661,14644,-17,901.8554822500008,VALID,40,5,0.85,0.75,pmx,mixed
Pure GA Timetabling,pop40_elite5_cx0p85_pmx_mut0p75_mixed_tk3_initrandom_r_pmx_mixed,hustack,hustack01,169,0.9441340782122905,169,169,0,20.003083837000304,VALID,40,5,0.85,0.75,pmx,mixed
Pure GA Timetabling,pop40_elite5_cx0p85_pmx_mut0p75_mixed_tk3_initrandom_r_pmx_mixed,hustack,hustack02,167,0.8186274509803921,167,167,0,45.00307365400295,VALID,40,5,0.85,0.75,pmx,mixed
Pure GA Timetabling,pop40_elite5_cx0p85_pmx_mut0p75_mixed_tk3_initrandom_r_pmx_mixed,hustack,hustack03,37,0.9487179487179488,37,37,0,19.954651447002107,VALID,40,5,0.85,0.75,pmx,mixed
Pure GA Timetabling,pop40_elite5_cx0p85_pmx_mut0p75_mixed_tk3_initrandom_r_pmx_mixed,hustack,hustack04,227,0.7643097643097643,227,227,0,44.96939715500048,VALID,40,5,0.85,0.75,pmx,mixed
Pure GA Timetabling,pop40_elite5_cx0p85_pmx_mut0p75_mixed_tk3_initrandom_r_pmx_mixed,hustack,hustack05,318,0.8907563025210085,318,318,0,44.9700468939991,VALID,40,5,0.85,0.75,pmx,mixed
Pure GA Timetabling,pop40_elite5_cx0p85_pmx_mut0p75_mixed_tk3_initrandom_r_pmx_mixed,hustack,hustack06,69,0.8846153846153846,69,69,0,19.964393592003034,VALID,40,5,0.85,0.75,pmx,mixed
Pure GA Timetabling,pop40_elite5_cx0p85_pmx_mut0p75_mixed_tk3_initrandom_r_pmx_mixed,hustack,hustack07,200,0.8264462809917356,200,200,0,45.00237038399791,VALID,40,5,0.85,0.75,pmx,mixed
Pure GA Timetabling,pop40_elite5_cx0p85_pmx_mut0p75_mixed_tk3_initrandom_r_pmx_mixed,hustack,hustack08,148,0.8809523809523809,146,148,2,20.00277733099938,VALID,40,5,0.85,0.75,pmx,mixed
Pure GA Timetabling,pop40_elite5_cx0p85_pmx_mut0p75_mixed_tk3_initrandom_r_pmx_mixed,hustack,hustack09,284,0.8685015290519877,283,284,1,45.00375772299958,VALID,40,5,0.85,0.75,pmx,mixed
Pure GA Timetabling,pop40_elite5_cx0p85_pmx_mut0p75_mixed_tk3_initrandom_r_pmx_mixed,hustack,hustack10,12,1.0,12,12,0,19.95227210899975,VALID,40,5,0.85,0.75,pmx,mixed
